SEMANA;PLANEJAMENTO HORIZONTAL MATEMÁTICA - EF Anos Finais;;;;;;;;;;;;PLANEJAMENTO HORIZONTAL MATEMÁTICA - EF Anos Iniciais;;;;;;;;;;;;;;;;;;;;;;;;;;;;;;;
;6ş ANO;;;;;;7ş ANO;;;;;;8ş ANO;;;;;;9ş ANO;;;;;;;;;;;;;;;;;;;;;;;;;
;Parte A ;;Parte B ;;Parte C ;;Parte A;;Parte B ;;Parte C;;Parte A ;;Parte B;;Parte C;;Parte A ;;Parte B ;;Parte C ;;;;;;;;;;;;;;;;;;;;;
;2 aulas semanais ;;2 aulas semanais ;;1 aula semanal;;2 aulas semanais ;;2 aulas semanais;;1 aula semanal;;2 aulas semanais;;2 aulas semanais ;;1 aula semanal;;2 aulas semanais;;2 aulas semanais;;1 aula semanal;;;;;;;;;;;;;;;;;;;;;
MÓDULO 1 ;;;;;;;MÓDULO 1;;;;;;MÓDULO 1;;;;;;MÓDULO 1;;;;;;;;;;;;;;;;;;;;;;;;;
1;"Cap 1 - Introduçăo aos conjuntos – Pertinęncia, 
inclusăo, igualdade e formas descritivas";;Cap 3 - Números naturais;;Cap 5 - As figuras e a Geometria;;Cap 1 - Introduçăo ŕs raízes;;Cap 3 - Introduçăo ŕ fatoraçăo;;Cap 4 - Critérios de semelhança;;Cap 1 - Variáveis proporcionais;;Cap 3 - Sistemas de duas equaçőes e duas variáveis;;Cap 5 - Quadriláteros (I) ;;Cap 1 - Equaçőes irracionais;;Cap 3 - Fatoraçăo de expressőes do tipo axł + bx˛ + cx + d, com a, b, c, d ? R, a ? 0, conhecida uma de suas raízes;;Cap 4 - Funçőes de ângulos nos triângulos;;;;;;;;;;;;;;;;;;;;;
;A1;? Pertinęncia;A13;? Lendo e escrevendo;A25;? Figuras e desenhos - Dimensőes das figuras;A1;? Revisăo: conjuntos;A13;? Revisăo: expressőes com inteiros;A25;? Revisăo: construçăo de ângulos;A1;? Revisăo: razőes e proporçőes;A13 ;? Revisăo: racionalizaçăo de denominadores;A25;? Revisăo: área de um triângulo qualquer;A1;? Equaçőes do tipo ?A = B (I);A13;? Fator comum em evidęncia e por agrupamento;A25;? Revisăo: semelhança de triângulos e relaçőes métricas no triângulo retângulo ;;;;;;;;;;;;;;;;;;;;
;A2;? Pertinęncia e inclusăo (I);A14;? Posiçőes dos algarismos nos números;;;A2;? Revisăo: equaçőes;A14;? Revisăo: operaçőes com racionais;;;A2 ;? Revisăo: porcentagens;A14 ;? Sentenças abertas e sistemas de sentenças abertas de duas variáveis;;;A2;? Equaçőes do tipo ?A = B (II);A14;? Produtos notáveis (I);;;;;;;;;;;;;;;;;;;;;;
2;A3;? Pertinęncia e inclusăo (II);A15;? Sistemas de numeraçăo;A26;? Usando a régua e o esquadro para construir figuras planas;A3;? Revisăo: equaçőes;A15;? Fator comum em evidęncia;A26;? Critério de semelhança AA;A3 ;? Variáveis diretamente proporcionais - Definiçăo;A15 ;? Método da substituiçăo;A26;"? Alguns fatos interessantes
 sobre quadriláteros ";A3;? Equaçőes do tipo ?A = ?B;A15;? Produtos notáveis (II);A26;? Razőes trigonométricas no triângulo retângulo;;;;;;;;;;;;;;;;;;;;
;A4;? Pertinęncia, inclusăo e igualdade ;A16;? Cardinais e ordinais;;;A4;? Raiz quadrada;A16;? Agrupamento;;;A4 ;? Variáveis diretamente proporcionais - Representaçăo no R˛;A16 ;? Sistema envolvendo equaçőes do tipo ax˛+ by = c;;;A4;? Equaçőes do tipo ?A = - ?B;A16;? Fatorando com coeficientes reais (I);;;;;;;;;;;;;;;;;;;;;;
3;A5;? Forma descritivas;A17;? Posiçăo dos números naturais na reta;A27;? Medindo comprimentos ou distâncias;A5;? Raiz cúbica;A17;? Quadrado da soma ou da diferença;A27;? Critério de semelhança LLL;A5 ;? Variáveis diretamente proporcionais - Cálculos;A17 ;"? Sistemas envolvendo equaçőes
com produto de variáveis";A27 ;? Área de trapézios;A5;Cap 2 - Alguns tipos de inequaçőes;A17;? Fatorando com coeficientes reais (II);A27;? Razőes trigonométricas de triângulos notáveis;;;;;;;;;;;;;;;;;;;;
;;;;;;;;;;;;;;;;;;;;? Revisăo: sinal de ax + b;;;;;;;;;;;;;;;;;;;;;;;;
;A6;? Descrevendo situaçőes com formas descritivas ;A18;? Utilizaçăo dos algoritmos da soma e da subtraçăo;;;A6;? Raiz de índice par e ímpar;A18;? Produto da soma pela diferença;;;A6 ;? Variáveis inversamente proporcionais - Definiçăo;A18;? Sistemas com equaçőes produto;;;A6;? Revisăo: sinal de ax˛ + bx + c;A18;? Fatoraçăo de trinômio do 2ş grau;;;;;;;;;;;;;;;;;;;;;;
4;A7;Cap 2 - Fraçőes, decimais e médias;A19;"Cap 4 - Introduçăo aos números inteiros – 
Oposto, ordem e módulo";A28;? Perímetro;A7;? Propriedades;A19;? Trinômio do quadrado perfeito;A28;? Critério de semelhança LAL;A7 ;? Variáveis inversamente proporcionais - Representaçăo no R˛;A19 ;? Usando variáveis auxiliares;A28;? Área de losangos ;A7;? Inequaçőes – Raízes de índice par positivo;A19;? Revisăo: fatoraçăo;A28;? Lei dos senos;;;;;;;;;;;;;;;;;;;;
;;? Localizaçăo de fraçőes na reta;;? Introduçăo aos números negativos;;;;;;;;;;;;;;;;;;;;;;;;;;;;;;;;;;;;;;;;
;A8;? Problemas envolvendo fraçőes;A20;? Conjunto dos inteiros e sua representaçăo na reta;;;A8;Cap 2 - Um pouco mais sobre os números inteiros;A20;? Diferença de quadrados;;;A8;? Variáveis inversamente proporcionais - Cálculos;A20;? Exercícios;;;A8;"? Duplas desigualdades da forma
c1 < ax + b ? c2";A20;? Fatorando polinômios do tipo P(x)= axł + bx˛ + cx + d, a ? 0, conhecida uma de suas raízes;;;;;;;;;;;;;;;;;;;;;;
;;;;;;;;? Revisăo: inteiros;;;;;;;;;;;;;;;;;;;;;;;;;;;;;;;;;;;;
5;A9;? Fraçőes equivalentes;A21;? Números positivos e negativos e distância entre dois números inteiros;A29 ;? O bloco retangular;A9;? Teorema Fundamental da Aritmética;A21;? Exercícios;A29;? Exercícios;A9 ;Cap 2 - Regra de tręs simples;A21 ;? Método da adiçăo ;A29;"? Exercícios sobre trapézios
e losangos ";A9;? Duplas desigualdades (I);A21;? Dois novos produtos notáveis;A29;? Lei dos cossenos;;;;;;;;;;;;;;;;;;;;
;;;;;;;;;;;;;;? Grandezas diretamente ou inversamente proporcionais;A22;Cap 4 - Intervalos reais ;;;;;;;;;;;;;;;;;;;;;;;;;;;;
;A10;? Fraçőes e decimais;A22;? Oposto de um número inteiro;;;A10;? mdc e mmc - Decomposiçăo canônica;A22;;;;A10;? Regra de tręs simples - Exercícios;;? Intervalos reais limitados e ilimitados;;;A10;? Duplas desigualdades (II);A22;? Simplificaçăo de fraçőes racionais;;;;;;;;;;;;;;;;;;;;;;
6;A11;? Laboratório de médias (I);A23;? Ordem em Z;A30 ;? Plantas baixas de residęncias;A11;? mdc e mmc - Decomposiçăo simultânea;A23;? Fatorando outras expressőes do 2ş grau;A30;? Exercícios;A11;? Regra de tręs simples - Exercícios;A23 ;? Operaçőes com intervalos ;A30;? Quadriláteros em figuras 3-D;A11;? Duplas desigualdades (III);A23;? Raízes inteiras de polinômios com coeficientes inteiros;A30;? Exercícios: razőes trigonométricas no triângulo retângulo, lei dos senos e lei dos cossenos;;;;;;;;;;;;;;;;;;;;
;A12;? Laboratório de médias (II);A24;? Módulo ou valor absoluto de um número inteiro;;;A12;? Algoritmo de Euclides;A24;? Exercícios;;;A12 ;? Problemas interdisciplinares de regra de tręs simples;A24;? Extensăo das notaçőes e outras notaçőes ;;;A12;? Inequaçőes onde aparecem expressőes polinomiais de grau superior ao segundo;A24;? Exercícios gerais;;;;;;;;;;;;;;;;;;;;;;
MÓDULO 2;;;;;;;MÓDULO 2;;;;;;MÓDULO 2;;;;;;MÓDULO 2;;;;;;;;;;;;;;;;;;;;;;;;;
7;Cap 6 - Formas sentencias;;Cap 8 - Introduçăo aos números inteiros - Adiçăo;;Cap 10 - Sólidos geométricos (I);;Cap 5 - Introduçăo aos números reais;;Cap 6 - Equaçăo do 2ş grau (I);;Cap 7 - Teorema de Pitágoras;;Cap 6 - Regra de tręs composta;;Cap 8 - Polinômios: Valor numérico, raízes e divisăo;;Cap 9 - Mais um pouco sobre áreas;;Cap 5 - Sistemas de numeraçăo;;Cap 6 - Problemas;;Cap 7 - Aplicaçőes de Trigonometria na Geometria;;;;;;;;;;;;;;;;;;;;;
;A31;? Sentenças, equaçőes, inequaçőes e conjunto verdade;A39;? Adiçăo e subtraçăo e representaçăo na reta;A47;? Cubos;A31;? Revisăo: contagem;A39;? Revisăo: dízimas periódicas;A47;? Revisăo: semelhança de triângulos;A31 ;? Regra de 3 composta - Tręs variáveis;A39 ;? Valor numérico de um polinômio;A47;? Áreas em triângulos semelhantes;A31 ;? Contagem, algarismos e números;A39;? Problemas com unidades de medida;A47;? Relaçőes entre as funçőes trigonométricas;;;;;;;;;;;;;;;;;;;;
;A32;? Exercícios e identidades num universo;A40;? Exercícios com adiçăo e subtraçăo;;;A32;? Localizando números na reta;A40;? Equaçăo do 2ş grau;;;A32;? Regra de 3 composta - Mais de tręs variáveis;A40;? Raízes ou zeros de um polinômio;;;A32 ;? O nosso sistema de numeraçăo (I);A40;? Problemas envolvendo razőes e proporçőes;;;;;;;;;;;;;;;;;;;;;;
8;A33;?  Sentenças abertas equivalentes em um universo;A41;? Descrevendo situaçőes com adiçăo de inteiros;A48;? Pirâmides;A33;? O número ?2;A41;? Equivalęncia i e ii;A48;? Teorema de Pitágoras;A33 ;Cap 7 - Problemas de cálculo com variáveis físicas;A41 ;? Divisăo de um polinômio por um monômio;A48;? Áreas em figuras semelhantes;A33;? O nosso sistema de numeraçăo (II);A41;? Problemas com variáveis diretamente e inversamente proporcionais;A48;? Cálculo da área de um triângulo com o auxílio da Trigonometria;;;;;;;;;;;;;;;;;;;;
;A34;? Utilizando sentenças equivalentes;A42;? Propriedades iniciais da adiçăo de inteiros;;;A34;? Racionais e irracionais;A42;? Equivalęncia iii;;;;? Revisăo: interpretando textos e gráficos;A42 ;? Divisăo de polinômios – Método da chave;;;A34 ;? O nosso sistema de numeraçăo (II);A42;? Números reais;;;;;;;;;;;;;;;;;;;;;;
;;;;;;;;;;;;;A34 ;? Problemas envolvendo conversăo de unidades;;;;;;;;;;;;;;;;;;;;;;;;;;;;;;
9;A35;"Cap 7 - Trabalhando com fraçőes decimais–
Porcentagem e médias";A43;Cap 9 - Multiplicando números naturais;A49;? O tronco de pirâmide;A35;? Operaçőes com irracionais;A43;? Equivalęncias iv, v e vi;A49;? Relaçőes métricas no triângulo retângulo;A35 ;? Problemas envolvendo conversăo de unidades;A43 ;? Teorema do resto (I);A49;? Decompondo figuras e calculando áreas;A35 ;? Números escritos em bases năo decimais;A43;? Propriedades de potęncias e raízes;A49;? Cálculo dos raios das circunferęncias inscrita e circunscrita de um triângulo;;;;;;;;;;;;;;;;;;;;
;;? Fraçőes decimais;;? Multiplicaçăo com dois ou mais fatores;;;;;;;;;;;;;;;;;;;;;;;;;;;;;;;;;;;;;;;;
;A36;? Porcentagem;A44;? Propriedades comutativa e distributiva da multiplicaçăo;;;A36;? Raiz de índice par;A44;? Equivalęncias vii e viii;;;A36 ;? Problemas com dois móveis (I);A44 ;? Teorema do resto (II);;;A36;? Passando para bases năo decimais;A44;;;;;;;;;;;;;;;;;;;;;;;
10;A37;? Médias;A45;? O algoritmo da multiplicaçăo;A50;? Laboratório de construçăo de sólidos geométricos;A37;? Raiz de índice ímpar;A45;? Analisando b2 - 4ac;A50;"? Aplicaçőes do Teorema
de Pitágoras a figuras 3-D";A37 ;? Problemas com dois móveis (II);A45;? Algoritmo de Briot-Ruffini (I);A50 ;? Construçăo de quadriláteros equivalentes;A37 ;? Operando em outras bases;A45;? Cálculos com raízes;A50;? Cálculo dos raios das circunferęncias inscrita e circunscrita de um triângulo;;;;;;;;;;;;;;;;;;;;
;A38;? Laboratório de médias;A46;? Laboratório de quebra-cabeças com números inteiros;;;A38;? Propriedades;A46;? Exercícios;;;A38 ;? Problemas com dois móveis (III);A46 ;? Algoritmo de Briot-Ruffini (II);;;A38;? Exercícios;A46;? Notaçăo científica e problemas;;;;;;;;;;;;;;;;;;;;;;
MÓDULO 3;;;;;;;MÓDULO 3;;;;;;MÓDULO 3;;;;;;MÓDULO 3;;;;;;;;;;;;;;;;;;;;;;;;;
11;"Cap11 - Introduçăo aos conjuntos – Diagramas 
de Venn, intersecçăo e uniăo";;Cap 13 - Mais propriedades da adiçăo de inteiros;;Cap 15 - Ângulos e retas;;Cap 8 - Um pouco mais sobre números reais;;Cap 10 - Equaçăo do 2ş grau (II);;Cap 11 - Introduçăo ŕ circunferęncia;;"Cap 10 - Plano R˛, distância entre pontos e
equaçăo da reta";;"Cap 11 - Inequaçőes e sistemas de inequaçőes
do 1ş grau, sinal de ax + b (a ? 0)";;Cap 12 - Circunferęncia - Comprimentos, arcos e áreas;;Cap 8 - Problemas com inequaçőes;;Cap 9 - Expressőes com radicais;;"Cap 10 - Um pouco mais sobre
o Teorema de Pitágoras";;;;;;;;;;;;;;;;;;;;;
;A51;? Diagrama de Venn e intersecçăo de conjuntos;A59;? Elemento neutro e oposto;A67;? Ângulos planos e compasso;A51;? Revisăo: inteiros, mdc e mmc;A59;? Revisăo: fatoraçăo;A67;? Ângulos e triângulos;A51;"? Distância entre pontos A e B quando 
        é paralelo a um dos eixos";A59 ;? Revisăo: potenciaçăo e radiciaçăo;A67  ;? Comprimentos de circunferęncias e arcos;A51;? Números inteiros e inequaçőes;A59 ;? Revisăo: racionalizaçăo de denominadores;A67;? Demonstraçăo do Teorema de Pitágoras;;;;;;;;;;;;;;;;;;;;
;A52;? Uniăo de conjuntos;A60;? Propriedades dos inteiros;;;A52;? Módulo de um número real;A60;? Discriminante;;;A52;? Distância entre dois pontos;A60;? Revisăo: dízimas periódicas - Fraçăo geratriz;;;A52;? Números inteiros e inequaçőes;A60;? Revisăo: racionalizaçăo de denominadores;;;;;;;;;;;;;;;;;;;;;;
12;A53;? Apresentaçăo de conjuntos;A61;"? O sinal de ""menos""";A68;? Posiçőes entre retas;A53;? Propriedades 1 e 2;A61;? Número de raízes;A68;? Figuras circulares e corpos redondos;A53 ;? Distância entre dois pontos quaisquer;A61 ;"? Inequaçőes do tipo ax + b > 0, 
ax + b ? 0, ax + b < 0 e ax + b ? 0";A68 ;? Círculo e suas partes;A53;? Problemas relacionados com custos, lucros, produçăo, etc. (I);A61 ;? Racionalizaçăo de denominadores com soma ou diferença de raízes cúbicas;A68  ;? Exercícios;;;;;;;;;;;;;;;;;;;;
;A54;? Propriedades;A62;? Exercícios;;;A54;? Equaçőes do tipo ax˛k + c = 0;A62;? Resolvendo equaçőes do 2ş grau (I);;;A54;? Equaçăo da mediatriz de um segmento;A62 ;? Inequaçőes que se reduzem aos tipos ax + b > 0, ax + b ? 0, ax + b < 0 e ax + b ? 0;;;A54;? Problemas relacionados com custos, lucros, produçăo, etc. (II);A62 ;? Transformaçăo de radical duplo em soma ou diferença de radicais simples;;;;;;;;;;;;;;;;;;;;;;
13;A55;Cap 12 - Introduçăo aos decimais e operaçőes com decimais (I);A63;Cap 14 - Multiplicar e dividir;A69;? Ângulos entre retas;A55;? Equaçőes do tipo ax˛k+1 + d = 0;A63;? Resolvendo equaçőes do 2ş grau (II);A69;? Medidas angulares: ângulos inscrito e central;A55 ;? Equaçăo da mediatriz de um segmento;A63;? Inequaçőes que se reduzem aos tipos ax + b > 0, ax + b ? 0, ax + b < 0 e ax + b ? 0;A69 ;? Círculo e suas partes;A55;? Desigualdade triangular;A63;? Transformaçăo de radical duplo em soma ou diferença de radicais simples;A69 ;? Descobrindo fórmulas;;;;;;;;;;;;;;;;;;;;
;;? Os números decimais;;? Potęncias e propriedades;;;;;;;;;;;;;;;;;;;;;;;;;;;;;;;;;;;;;;;;
;A56;? Adiçăo e subtraçăo com decimais;A64;? Divisăo;;;A56;Cap 9 - Introduçăo ŕ contagem;A64;? Exercícios;;;A56 ;? Equaçăo reduzida da reta;A64 ;? Sistemas de inequaçőes;;;A56;? Desigualdade na geometria: ângulos e medidas;A64;? Racionalizaçăo de denominadores com radicais duplos;;;;;;;;;;;;;;;;;;;;;;
;;;;;;;;? Introduçăo ŕ contagem;;;;;;;;;;;;;;;;;;;;;;;;;;;;;;;;;;;;
14;A57;? Multiplicaçăo com decimais;A65;? Algoritmo da Divisăo Euclidiana;A70;? Traçando paralelas e perpendiculares;A57;"? Princípio da adiçăo (regra do ""ou"")";A65;? Resolvendo ax2 + bx = 0;A70;? Ângulos central e inscrito: exercícios;A57 ;? Equaçăo reduzida da reta - Exercícios;A65 ;? Sinal de ax + b (a ? 0);A70 ;? Círculo e suas partes;A57;? Desigualdades com áreas;A65;? Equaçőes biquadradas e radicais duplos;A70;? Recíproco do Teorema de Pitágoras;;;;;;;;;;;;;;;;;;;;
;A58;? Operaçőes com potęncias de dez;A66;? Mais divisőes;;;A58;? Mais sobre o princípio da adiçăo;A66;? Resolvendo ax2 + c = 0;;;A58;;A66 ;? Outro método para resolver inequaçőes dos tipos ax + b > 0, ax + b ? 0, ax + b < 0 e ax + b ? 0;;;A58;? Desigualdades com polígonos;A66;? Exercícios gerais;;;;;;;;;;;;;;;;;;;;;;
MÓDULO 4;;;;;;;MÓDULO 4;;;;;;MÓDULO 4;;;;;;MÓDULO 4;;;;;;;;;;;;;;;;;;;;;;;;;
15;Cap 16 - Conjuntos – Partes, complementar e contagem;;Cap 18 - Operaçőes com números inteiros;;"Cap 20 - Construçőes de ângulos
e polígonos (I): classificaçăo";;Cap 12 - Problemas com números;;Cap 13 - Probabilidade e estatística (I);;Cap 15 - Transformaçőes geométricas;;Cap 13 - Gráficos de relaçőes dadas por uma equaçăo de duas variáveis;;Cap 15 - Inequaçőes produto e quociente;;Cap 17 - Cordas e arcos na circunferęncia;;Cap 11 - Equaçőes com módulo;;Cap 12 - Expressőes algébricas;;Cap 13 - Tópicos de Geometria Espacial;;;;;;;;;;;;;;;;;;;;;
;A71;? Revisăo: pertinęncia, inclusăo e igualdade entre conjuntos;A79;? Revisăo: introduçăo aos números inteiros - Oposto, ordem e módulo;A87;? Construçăo de ângulos;A71;? Revisăo: raízes;A79;? Revisăo: porcentagem;A87;? Translaçőes, rotaçőes e reflexőes;A71 ;? Gráfico de relaçőes dadas por uma equaçăo de duas variáveis;A79;? Inequaçăo produto;A87 ;? Caso particular do ângulo inscrito;A71 ;? Revisăo: módulo;A 79;? Revisăo: fatoraçăo;A87;? Retas e planos;;;;;;;;;;;;;;;;;;;;
;A72;? Conjunto das partes de um conjunto;A80;? Multiplicaçăo de inteiros;;;A72;? Inteiros consecutivos;A80;;;;A72 ;? Intersecçőes;A80;? Inequaçăo quociente;;;A72 ;? Equaçőes do tipo |x| = k ou equivalentes;A80;? Adiçăo e subtraçăo de monômios;;;;;;;;;;;;;;;;;;;;;;
16;A73;? Diferença, complemento e complementar de A em relaçăo a B;A81;? Como usar os paręnteses;A88 ;? Polígonos: introduçăo;A73;? Inteiros pares e ímpares;A81;? Interpretando dados: média;A88;? Exercícios de transformaçőes geométricas;A73;? Relaçőes cujos gráficos săo retas;A81;? Exercícios;A88;? Circunferęncias e cordas;A73 ;? Substituindo variáveis;A81;? Multiplicaçăo e divisăo de monômios;A88 ;? Vistas ortogonais;;;;;;;;;;;;;;;;;;;;
;A74;? Exercícios de conjuntos com informaçőes quantitativas;A82;? Escrevendo produtos como potęncias;;;A74;? Consecutivos pares;A82;? Interpretando dados: média ponderada;;;A74 ;? Gráficos de relaçőes dadas por mais de uma sentença;A82;? Outro método de resoluçăo;;;A74;? Equaçőes do tipo |f(x)| = k;A82;? Cálculos envolvendo várias operaçőes com monômios quaisquer;;;;;;;;;;;;;;;;;;;;;;
17;A75;Cap 17 - Operaçőes com decimais (II);A83;Cap 19 - Operaçőes com números racionais;A89;? Polígonos: perímetro e área;A75;? Consecutivos ímpares;A83;? Organizando dados: tabelas;A89;? Congruęncia de triângulos;A75;Cap 14 - Contagem;A83;Cap 16 - Sinal de ax˛ + bx + c, a, b, c ? R, a ? 0;A89;? Uma relaçăo métrica na circunferęncia;A75;? Equaçőes do tipo |f(x)| = g(x);A83;? Expressőes algébricas cujos termos năo săo necessariamente monômios;A89;? Prismas;;;;;;;;;;;;;;;;;;;;
;;? Revisăo: operaçőes com números decimais e potęncias de 10;;? Adiçăo com números racionais;;;A76;Cap 13 - Volume de blocos retangulares;;;;;;? Revisăo: contagem;;? Sinal de ax˛ + bx + c (a ? 0) para ?>0;;;;;;;;;;;;;;;;;;;;;;;;;;;;
;A76;? Divisăo de decimais (I);A84;? Reduzindo fraçőes a um mesmo denominador;;;;? Volume de figuras;A84;;;;A76;? Divisăo em casos (I);A84;? Sinal de ax˛ + bx + c (a ? 0) para ?=0;;;A76;? Equaçőes do tipo |f(x)| = g(x);A84;? Trabalhando com expressőes envolvendo várias operaçőes (I);;;;;;;;;;;;;;;;;;;;;;
18;A77;? Divisăo de decimais (II);A85;? Mínimo múltiplo comum (mmc);A90;? Número de diagonais de um polígono convexo;A77;? Transformaçőes de unidades (I);A85;? Organizando dados: gráfico de colunas;A90;? Congruęncia de triângulos;A77;? Divisăo em casos (II);A85;? Sinal de ax˛ + bx + c (a ? 0) para ?<0;A90;? Ângulos e arcos determinados por cordas;A77;? Equaçőes do tipo |f(x)| = |g(x)| e |f(x)| = - |g(x)|;A85;? Trabalhando com expressőes envolvendo várias operaçőes (II);A90;? Cilindros;;;;;;;;;;;;;;;;;;;;
;A78;? Exercícios;A86;? Comparando fraçőes;;;A78;;A86;? Organizando dados: gráfico de setores;;;A78;? Tudo menos o que năo interessa;A86;? Inequaçőes do 2ş grau (U = R);;;A78;? Equaçőes do tipo |f(x)| + |g(x)| = k;A86;;;;;;;;;;;;;;;;;;;;;;;
MÓDULO 5;;;;;;;MÓDULO 5;;;;;;MÓDULO 5;;;;;;MÓDULO 5;;;;;;;;;;;;;;;;;;;;;;;;;
19;Cap 21 - Número de elementos da uniăo de conjuntos;;Cap 24 - Operaçőes com números racionais;;Cap 26 - Geometria - Congruęncia de figuras geométricas: triângulos;;Cap 15 - Divisores e números primos;;Cap 16 - Introduçăo aos polinômios;;Cap 17 - Área de algumas figuras (I);;"Cap 18 - Usando duas variáveis para
resolver alguns problemas";;Cap 19 - Algumas técnicas para resolver algumas equaçőes;;Cap 20 - Retas secantes e tangentes ŕ circunferęncia;;Cap 14 - Discussăo de equaçőes;;Cap 15 - Porcentagens e juros;;Cap 16 - Pontos notáveis de um triângulo (I);;;;;;;;;;;;;;;;;;;;;
;A91;? Revisăo: introduçăo aos conjuntos, diagrama de Venn, intersecçăo e uniăo;A99;? Adiçăo e subtraçăo;A107;? Laboratório de triângulos;A91;? Revisăo: módulo;A99;? Revisăo: equaçăo do 2ş grau;A107;? Revisăo: Teorema de Pitágoras;A91;? Revisăo: problemas com variáveis físicas;A99;? Revisăo: notaçăo científica;A107;? Revisăo: mediatriz e bissetriz;A91;? Discussăo de ax + b = 0, a, b ? R;A99;? Revisăo – Porcentagens (I): definiçăo e aplicaçőes imediatas;A107;? Mediana, altura, bissetriz e mediatriz;;;;;;;;;;;;;;;;;;;;
;A92;? Número de elementos de um conjunto;A100;? Multiplicaçăo e divisăo;;;A92;? Número de divisores de um número inteiro;A100;? Monômios;;;A92;? Usando duas variáveis para resolver alguns problemas (I);A100;? Equaçőes do tipo F1 • F2 = F1 • F3;;;A92;? Discussăo de ax2 + bx + c = 0, a, b, c ? R;A100;;;;;;;;;;;;;;;;;;;;;;;
20;A93;Cap 22 - Expressőes com letras;A101;? Problemas;A108;? Igualdade e congruęncia;A93;? Obtençăo de todos os divisores;A101;? Binômios, trinômios e polinômios;A108;? Área de figuras;A93 ;? Usando duas variáveis para resolver alguns problemas (II);A101;? Equaçőes onde aparece variável nos denominadores de algumas fraçőes;A108;? Retas e segmentos tangentes a uma circunferęncia;A93;? Discussăo de ax2 + bx + c = 0, a, b, c ? R;A101;? Revisăo – Porcentagens (II): aumento e reduçăo percentual;A108;? Mediana, altura, bissetriz e mediatriz;;;;;;;;;;;;;;;;;;;;
;;? Expressőes com letras;;;;;;;;;;;;;;;;;;;;;;;;;;;;;;;;;;;;;;;;;;
;A94;Cap 23 - Introduçăo ŕs equaçőes;A102;Cap 25 - Propriedades dos números inteiros;;;A94;? Números pares e números ímpares;A102;? Igualdade e operaçőes com polinômios;;;A94;? Usando duas variáveis para resolver alguns problemas (III);A102;? Equaçőes do tipo         = ;;;A94;? Quantidade de raízes reais;A102;? Revisăo  – Porcentagens (III): gráficos e tabelas;;;;;;;;;;;;;;;;;;;;;;
;;? Revisăo: formas descritivas;;? Propriedades da multip. e da adiçăo;;;;;;;;;;;;;;;;;;;;;;;;;;;;;;;;;;;;;;;;
21;A95;? Resolvendo equaçőes do tipo ax+b=0 (a ? 0);A103;? Produtos notáveis;A109;? Exercícios (I);A95;? Regras de divisibilidade;A103;? Grau de um polinômio;A109;? Transformaçăo de unidades (II);A95 ;? Usando duas variáveis para resolver alguns problemas (IV);A103;? Equaçőes do tipo F1 +       = F4 +;A109;? Retas secantes a uma circunferęncia;A95;? Quantidade de raízes reais;A103;? Juros compostos;A109;? Baricentro;;;;;;;;;;;;;;;;;;;;
;A96;? Resolvendo mais rapidamente;A104;? Ordem das operaçőes;;;A96;? Exercícios;A104;? Resolvendo por soma e produto;;;A96;? Usando duas variáveis para resolver alguns problemas (V);A104;? Usando uma variável auxiliar;;;A96;? Sinal das raízes de uma equaçăo do segundo grau (I);A104;;;;;;;;;;;;;;;;;;;;;;;
22;A97;? Equaçőes equivalente ŕs equaçőes ax + b = 0 (I);A105;? Propriedades de potęncia (I);A110;? Exercícios (II);A97;? Reconhecimento de um número primo;A105;? Trabalhando com expressőes envolvendo a soma e o produto;A110;? Fórmulas de áreas em sólidos geométricos;A97 ;? Exercícios;A105;? Exercícios gerais sobre equaçőes;A110;? Teorema da tangente e da secante;A97;? Sinal das raízes de uma equaçăo do segundo grau (II);A105;? Juros simples;A110;? Baricentro;;;;;;;;;;;;;;;;;;;;
;A98;? Equaçőes equivalente ŕs equaçőes ax + b = 0 (II);A106;? Propriedades de potęncia (II);;;A98;? Laboratório: números primos;A106;? Equaçăo do 2ş grau em termos da soma e do produto;;;A98 ;;A106;;;;A98;? Sinal das raízes de uma equaçăo do segundo grau (III);A106;;;;;;;;;;;;;;;;;;;;;;;
MÓDULO 6;;;;;;;MÓDULO 6;;;;;;MÓDULO 6;;;;;;MÓDULO 6;;;;;;;;;;;;;;;;;;;;;;;;;
23;Cap 27 - Introduçăo ŕ contagem;;Cap 29 - Introduçăo ŕ Probabilidade e ŕ Estatística;;Cap 30 - Casos de congruęncia de triângulos;;Cap 18 - Problemas que contam histórias ou apresentam situaçőes;;Cap 19 - O plano R˛;;Cap 21 - Área de triângulos, composiçăo e decomposiçăo de figuras;;"Cap 21 - Equaçăo linear com duas variáveis e
sistemas lineares com duas equaçőes e duas variáveis";;Cap 22 - Inequaçăo produto, inequaçăo quociente e sistemas de inequaçőes envolvendo expressőes do tipo ax˛ + bx + c, a ? 0;;Cap 23 - Figuras inscritas e circunscritas a uma circunferęncia;;Cap 17 - Gráficos da funçăo quadrática;;Cap 18 - Introduçăo ŕ circunferęncia no R˛ e gráficos de relaçőes;;Cap 19 - Produtos notáveis de um triângulo(II);;;;;;;;;;;;;;;;;;;;;
;A111;? Introduçăo ŕ contagem: princípio aditivo;A117;? Interpretando dados em tabelas;A123;? Casos de congruęncia de triângulos;A111;? Revisăo: Problemas com números;A117;? Revisăo: interpretaçăo e organizaçăo de dados;A123;? Revisăo: relaçőes métricas no triângulo retângulo;A111;? Revisăo: equaçăo da reta;A117;? Inequaçăo produto;A123;? Triângulos inscritos em circunferęncias;A111;"? Gráfico de f(x) = ax2, a ? 0, e 
g(x) = ax2 + c, a ? 0";A117;"? Equaçăo da circunferęncia dados
centro e raio";A123;? Incentro;;;;;;;;;;;;;;;;;;;;
;A112;? Princípio multiplicativo;A118;? Interpretando dados em tabelas;;;A112;? Problemas que contam histórias (I);A118;? Relaçőes de A em B;;;A112;? Equaçőes lineares;A118;;;;A112;"? Gráfico de f(x) = a(x-k)2, a ? 0, e 
g(x) = a(x-k)2 + ?, a ? 0";A118;? Encontrando centro e raio dada a equaçăo da circunferęncia;;;;;;;;;;;;;;;;;;;;;;
24;A113;? Ferramentas importantes em contagem;A119;? Interpretando dados em gráficos;A124;? Exercícios;A113;? Problemas que contam histórias (II);A119;? Simetria;A124;? Área de triângulos retângulos;A113;? Conjunto verdade de uma equaçăo linear com duas variáveis;A119;? Inequaçăo quociente;A124;? Triângulos circunscritos a circunferęncias;A113;"? Gráfico de f(x) = ax2 + bx + c, 
a ? 0";A119;? Quando uma equaçăo é de circunferęncia;A124;? Circuncentro;;;;;;;;;;;;;;;;;;;;
;A114;Cap 28 - Porcentagem;A120;? Interpretando dados em gráficos;;;A114;? Problemas que contam histórias (III);A120;;;;A114;? Sistemas lineares com duas equaçőes e duas variáveis;A120;;;;A114;;A120;;;;;;;;;;;;;;;;;;;;;;;
;;? Revisăo: fraçőes e decimais;;;;;;;;;;;;;;;;;;;;;;;;;;;;;;;;;;;;;;;;;;
25;A115;? Escrevendo porcentagens como decimais;A121;? Probabilidades;A125;? Exercícios;A115;? Problemas antigos (I);A121;Cap 20 - Teorema de Tales;A125;? Composiçăo e decomposiçăo de figuras;A115;? Sistemas determinados, indeterminados e impossíveis;A121;? Sistemas de inequaçőes;A125;? Quadriláteros inscritos e circunscritos;A115;? Problemas de otimizaçăo;A121;? Gráficos de relaçőes;A125;? Ortocentro;;;;;;;;;;;;;;;;;;;;
;;;;;;;;;;? Revisăo: retas paralelas cortadas por uma transversal;;;;;;;;;;;;;;;;;;;;;;;;;;;;;;;;;;
;A116;?  Porcentagem de um número em relaçăo a outro;A122;? Probabilidades;;;A116;? Problemas antigos (II);A122;? Teorema de Tales;;;A116;? Intersecçăo de retas;A122;;;;A116;;A122;? Exercícios;;;;;;;;;;;;;;;;;;;;;;
MÓDULO 7;;;;;;;MÓDULO 7;;;;;;MÓDULO 7;;;;;;MÓDULO 7;;;;;;;;;;;;;;;;;;;;;;;;;
26;"Cap 31 - Equaçőes produto e algumas equaçőes 
com módulo";;Cap 33 - Números inteiros: divisibilidade, mdc e mmc;;Cap 34 - Semelhança de figuras;;Cap 22 - Razőes e proporçőes;;Cap 23 - Racionalizaçăo de denominadores;;Cap 25 - Área de um triângulo qualquer;;Cap 24 - Probabilidade e estatística (III);;Cap 25 - Introduçăo ao conceito de funçăo;;Cap 26 - Polígonos (III);;Cap 20 - Funçőes sobrejetora, injetora e bijetora;;Cap 21 - Análise Combinatória;;Cap 22 - Quadriláteros;;;;;;;;;;;;;;;;;;;;;
;A126;? Revisăo: equaçőes e módulo;A134;? Revisăo: inteiros;A142;? Figuras semelhantes;A126;? Revisăo: regras de divisibilidade;A134;? Revisăo: polinômios;A142;? Revisăo: área de algumas figuras;A126;? Espaço amostral e evento;A134;? Introduçăo ao conceito de funçăo;A142;? Revisăo: construçăo de ângulos;A126;? Funçăo: alguns exercícios importantes;A134;? Revisăo: princípios aditivo e multiplicativo;A142;? Revisăo: retas paralelas cortadas por uma transversal;;;;;;;;;;;;;;;;;;;;
;A127;? Equaçăo produto;A135;? Relaçăo de divisibilidade;;;A127;? Razőes, proporçőes e porcentagens;A135;?  Racionalizaçăo de denominadores do tipo ?a e 3?a;;;A127;? Probabilidade de um evento - Cálculo;A135 ;? Notaçőes e gráficos;;;A127;;A135;? Fatorial e arranjo;;;;;;;;;;;;;;;;;;;;;;
27;A128;? Colocando em evidęncia e um produto importante;A136;? Propriedades da divisibilidade;A143;? Ampliaçőes e reduçőes;A128;? Razőes, proporçőes e porcentagens;A136;?  Racionalizaçăo de denominadores do tipo       e ;A143;? Figuras geométricas equivalentes;A128;? Cálculo de probababilidade - Uniăo de eventos;A136;? Relaçőes e funçőes representadas por sentenças abertas;A143;? Revisăo – Polígonos: ângulos;A128;? Funçăo sobrejetora;A136;? Permutaçăo simples;A143;? Paralelogramos: diagonais;;;;;;;;;;;;;;;;;;;;
;A129;? Equaçőes com módulo;A137;? Conjunto dos divisores;;;A129;? Propriedade 1;A137;?  Racionalizaçăo de denominadores do tipo ?a+?b e ?a-?b ;;;A129;? Pesquisas amostrais;A137;;;;A129;? Funçăo injetora;A137;? Permutaçăo com repetiçăo;;;;;;;;;;;;;;;;;;;;;;
28;A130;? Exercícios;A138;? Divisores próprios, impróprios e números primos;A144;? Retas paralelas cortadas por uma transversal;A130;? Média geométrica e propriedade 2;A138;?  Racionalizaçăo de denominadores do tipo ?a + ?b + ?c;A144;? Alturas de um triângulo;A130;? Revisăo: tabelas de frequęncias;A138 ;? Domínio, contradomínio e imagem;A144;? Polígonos regulares;A130;? Funçăo bijetora;A138;? Permutaçăo circular;A144;? Paralelogramos: áreas;;;;;;;;;;;;;;;;;;;;
;A131;Cap 32 - Aumento e reduçăo percentuais;A139;? Mínimo e máximo de um conjunto e mdc;;;A131;? Propriedades 3, 4 e 5;A139;Cap 24 - Probabilidade e Estatística (II);;;A131 ;? Histograma;A139;? Gráfico de f(x) = ax + b;;;A131;;A139;? Combinaçăo (I): combinaçăo simples;;;;;;;;;;;;;;;;;;;;;;
;;? Revisăo: porcentagem;;;;;;;;? Revisăo: médias;;;;;;;;;;;;;;;;;;;;;;;;;;;;;;;;;;
29;A132;? Aumento percentual;A140;? mdc e primos entre si;A145;? Razăo de semelhança;A132;? Divisăo em partes proporcionais;A140;? Construindo tabelas de frequęncia;A145;? Área de um triângulo qualquer;A132;? Medidas de tendęncia central;A140;? Funçăo composta;A145;? Polígonos inscritíveis e circunscritíveis;A132;? Exercícios;A140;? Combinaçăo (II): tudo menos o que năo interessa;A145;? Quadriláteros quaisquer;;;;;;;;;;;;;;;;;;;;
;A133;? Reduçăo percentual;A141;? Conjunto dos múltiplos e mmc;;;A133;? Exercícios;A141;? Estudo de tendęncias;;;A133;;A141;;;;A133;;A141;? Combinaçăo (III): divisăo em casos;;;;;;;;;;;;;;;;;;;;;;
MÓDULO 8;;;;;;;MÓDULO 8;;;;;;MÓDULO 8;;;;;;MÓDULO 8;;;;;;;;;;;;;;;;;;;;;;;;;
30;Cap 35 - Operaçőes com potęncias de 10;;Cap 37 - Dízimas periódicas;;Cap 38 - Introduçăo ao plano cartesiano;;Cap 26 - Potęncia: base real e expoente racional;;Cap 27 - Interpretando textos e dados: a reta no plano R2;;Cap 28 - Polígonos (III): ângulos;;Cap 27 - Problemas do 2ş grau;;Cap 28 - Sequęncias e progressőes;;Cap 29 - Cálculo dos volumes de algumas figuras;;Cap 23 - Domínio e imagem de funçőes;;Cap 24 - Probabilidade e estatística (III);;Cap 25 - Trigonometria e polígonos;;;;;;;;;;;;;;;;;;;;;
;A146;? Multiplicaçăo;A152;? Decimais e fraçőes;A158;? Par ordenado e produto cartesiano;A146;? Revisăo: problemas que contam histórias ou apresentam situaçőes;A152;? Revisăo: o plano R2;A158;? Polígonos regulares e simetria;A146;? Revisăo: usando duas variáveis para resolver alguns problemas;A152;? Sequęncias;A158 ;? Revisăo: transformaçőes geométricas;A146;? Revisăo – Funçőes;A152;? Evento complementar;A158;? Áreas de polígonos regulares;;;;;;;;;;;;;;;;;;;;
;A147;? Divisăo;A153;? Fraçăo geratriz;;;A147;? Potęncias de expoentes fracionários;A153;? Gráficos na forma de segmento de reta;;;A147;? Problemas do 2ş grau;A153;? Sequęncias;;;A147;? Domínio de funçőes;A153;? Probabilidade condicional e eventos;;;;;;;;;;;;;;;;;;;;;;
31;A148;? Aproximaçőes;A154;? Fraçăo geratriz: um método;A159;? Representaçăo do produto cartesiano;A148;? Potęncias de expoentes negativos;A154;? Inclinaçăo de uma reta no plano R2;A159;"? Ângulos centrais e internos
de um polígono regular";A148;? Problemas que envolvem soma e produto de dois números;A154;? Progressőes aritméticas;A159;? Volume de paralelepípedos;A148;? Imagem de funçőes (I);A154;? Análise de gráficos;A159;? Lado, raio do círculo inscrito e raio do círculo circunscrito de polígono regular;;;;;;;;;;;;;;;;;;;;
;A149;Cap 36 - Problemas (I);A155;? As dízimas no contexto;;;A149;? Propriedades (I);A155;? Inclinaçăo de uma reta no plano R˛;;;A149 ;? Problemas que envolvem aumento ou reduçăo de quantias;A155;? PA – Propriedades;;;A149;? Imagem de funçőes (II);A155;? Construçăo de gráficos e medidas de tendęncia central;;;;;;;;;;;;;;;;;;;;;;
;;? Problemas com números;;;;;;;;;;;;;;;;;;;;;;;;;;;;;;;;;;;;;;;;;;
32;A150;? Problemas com números;A156;? Revisăo de números inteiros;A160;"? Representaçăo do R2 e
os 4 quadrantes";A150;? Propriedades (II);A156;? Interpretando textos e gráficos;A160;? Soma dos ângulos internos e externos de um polígono convexo;A150;"? Problemas que envolvem rapidez
 e vazăo";A156 ;? Soma dos termos de uma PA;A160;? Volume de cilindros;A150;? Imagem de funçőes (III);A156;? Construçăo de gráficos e medidas de tendęncia central;A160;? Projeçăo ortogonal;;;;;;;;;;;;;;;;;;;;
;A151;? Soma de dois números;A157;? Revisăo de números racionais;;;A151;? Raízes quadradas: alguns cálculos;A157;? Interpretando gráficos;;;A151;;A157 ;? Exercícios;;;A151;? Imagem de funçőes (IV);A157;? Execuçăo de pesquisa amostral;;;;;;;;;;;;;;;;;;;;;;
;;;;;;;;;;;;;;;;;;;;;;;;;;;;;;;;;;;;;;;;;;;;
;;;;;;;;;;;;;;;;;;;;;;;;;;;;;;;;;;;;;;;;;;;;
;;;;;;;;;;;;;;;;;;;;;;;;;;;;;;;;;;;;;;;;;;;;
;;;;;;;;;;;;;;;;;;;;;;;;;;;;;;;;;;;;;;;;;;;;
;;;;;;;;;;;;;;;;;;;;;;;;;;;;;;;;;;;;;;;;;;;;
;;;;;;;;;;;;;;;;;;;;;;;;;;;;;;;;;;;;;;;;;;;;
;;;;;;;;;;;;;;;;;;;;;;;;;;;;;;;;;;;;;;;;;;;;
;;;;;;;;;;;;;;;;;;;;;;;;;;;;;;;;;;;;;;;;;;;;
;;;;;;;;;;;;;;;;;;;;;;;;;;;;;;;;;;;;;;;;;;;;
;;;;;;;;;;;;;;;;;;;;;;;;;;;;;;;;;;;;;;;;;;;;
;;;;;;;;;;;;;;;;;;;;;;;;;;;;;;;;;;;;;;;;;;;;
;;;;;;;;;;;;;;;;;;;;;;;;;;;;;;;;;;;;;;;;;;;;
;;;;;;;;;;;;;;;;;;;;;;;;;;;;;;;;;;;;;;;;;;;;
;;;;;;;;;;;;;;;;;;;;;;;;;;;;;;;;;;;;;;;;;;;;
;;;;;;;;;;;;;;;;;;;;;;;;;;;;;;;;;;;;;;;;;;;;
;;;;;;;;;;;;;;;;;;;;;;;;;;;;;;;;;;;;;;;;;;;;
;;;;;;;;;;;;;;;;;;;;;;;;;;;;;;;;;;;;;;;;;;;;
;;;;;;;;;;;;;;;;;;;;;;;;;;;;;;;;;;;;;;;;;;;;
;;;;;;;;;;;;;;;;;;;;;;;;;;;;;;;;;;;;;;;;;;;;
;;;;;;;;;;;;;;;;;;;;;;;;;;;;;;;;;;;;;;;;;;;;
;;;;;;;;;;;;;;;;;;;;;;;;;;;;;;;;;;;;;;;;;;;;
;;;;;;;;;;;;;;;;;;;;;;;;;;;;;;;;;;;;;;;;;;;;
;;;;;;;;;;;;;;;;;;;;;;;;;;;;;;;;;;;;;;;;;;;;
;;;;;;;;;;;;;;;;;;;;;;;;;;;;;;;;;;;;;;;;;;;;
;;;;;;;;;;;;;;;;;;;;;;;;;;;;;;;;;;;;;;;;;;;;
;;;;;;;;;;;;;;;;;;;;;;;;;;;;;;;;;;;;;;;;;;;;
;;;;;;;;;;;;;;;;;;;;;;;;;;;;;;;;;;;;;;;;;;;;
;;;;;;;;;;;;;;;;;;;;;;;;;;;;;;;;;;;;;;;;;;;;
;;;;;;;;;;;;;;;;;;;;;;;;;;;;;;;;;;;;;;;;;;;;
;;;;;;;;;;;;;;;;;;;;;;;;;;;;;;;;;;;;;;;;;;;;
;;;;;;;;;;;;;;;;;;;;;;;;;;;;;;;;;;;;;;;;;;;;
;;;;;;;;;;;;;;;;;;;;;;;;;;;;;;;;;;;;;;;;;;;;
;;;;;;;;;;;;;;;;;;;;;;;;;;;;;;;;;;;;;;;;;;;;
;;;;;;;;;;;;;;;;;;;;;;;;;;;;;;;;;;;;;;;;;;;;
;;;;;;;;;;;;;;;;;;;;;;;;;;;;;;;;;;;;;;;;;;;;
;;;;;;;;;;;;;;;;;;;;;;;;;;;;;;;;;;;;;;;;;;;;
;;;;;;;;;;;;;;;;;;;;;;;;;;;;;;;;;;;;;;;;;;;;
;;;;;;;;;;;;;;;;;;;;;;;;;;;;;;;;;;;;;;;;;;;;
;;;;;;;;;;;;;;;;;;;;;;;;;;;;;;;;;;;;;;;;;;;;
;;;;;;;;;;;;;;;;;;;;;;;;;;;;;;;;;;;;;;;;;;;;
;;;;;;;;;;;;;;;;;;;;;;;;;;;;;;;;;;;;;;;;;;;;
;;;;;;;;;;;;;;;;;;;;;;;;;;;;;;;;;;;;;;;;;;;;
;;;;;;;;;;;;;;;;;;;;;;;;;;;;;;;;;;;;;;;;;;;;
;;;;;;;;;;;;;;;;;;;;;;;;;;;;;;;;;;;;;;;;;;;;
;;;;;;;;;;;;;;;;;;;;;;;;;;;;;;;;;;;;;;;;;;;;
;;;;;;;;;;;;;;;;;;;;;;;;;;;;;;;;;;;;;;;;;;;;
;;;;;;;;;;;;;;;;;;;;;;;;;;;;;;;;;;;;;;;;;;;;
;;;;;;;;;;;;;;;;;;;;;;;;;;;;;;;;;;;;;;;;;;;;
;;;;;;;;;;;;;;;;;;;;;;;;;;;;;;;;;;;;;;;;;;;;
;;;;;;;;;;;;;;;;;;;;;;;;;;;;;;;;;;;;;;;;;;;;
;;;;;;;;;;;;;;;;;;;;;;;;;;;;;;;;;;;;;;;;;;;;
;;;;;;;;;;;;;;;;;;;;;;;;;;;;;;;;;;;;;;;;;;;;
;;;;;;;;;;;;;;;;;;;;;;;;;;;;;;;;;;;;;;;;;;;;
;;;;;;;;;;;;;;;;;;;;;;;;;;;;;;;;;;;;;;;;;;;;
;;;;;;;;;;;;;;;;;;;;;;;;;;;;;;;;;;;;;;;;;;;;
;;;;;;;;;;;;;;;;;;;;;;;;;;;;;;;;;;;;;;;;;;;;
;;;;;;;;;;;;;;;;;;;;;;;;;;;;;;;;;;;;;;;;;;;;
;;;;;;;;;;;;;;;;;;;;;;;;;;;;;;;;;;;;;;;;;;;;
;;;;;;;;;;;;;;;;;;;;;;;;;;;;;;;;;;;;;;;;;;;;
;;;;;;;;;;;;;;;;;;;;;;;;;;;;;;;;;;;;;;;;;;;;
;;;;;;;;;;;;;;;;;;;;;;;;;;;;;;;;;;;;;;;;;;;;
;;;;;;;;;;;;;;;;;;;;;;;;;;;;;;;;;;;;;;;;;;;;
;;;;;;;;;;;;;;;;;;;;;;;;;;;;;;;;;;;;;;;;;;;;
;;;;;;;;;;;;;;;;;;;;;;;;;;;;;;;;;;;;;;;;;;;;
;;;;;;;;;;;;;;;;;;;;;;;;;;;;;;;;;;;;;;;;;;;;
;;;;;;;;;;;;;;;;;;;;;;;;;;;;;;;;;;;;;;;;;;;;
;;;;;;;;;;;;;;;;;;;;;;;;;;;;;;;;;;;;;;;;;;;;
;;;;;;;;;;;;;;;;;;;;;;;;;;;;;;;;;;;;;;;;;;;;
;;;;;;;;;;;;;;;;;;;;;;;;;;;;;;;;;;;;;;;;;;;;
;;;;;;;;;;;;;;;;;;;;;;;;;;;;;;;;;;;;;;;;;;;;
;;;;;;;;;;;;;;;;;;;;;;;;;;;;;;;;;;;;;;;;;;;;
;;;;;;;;;;;;;;;;;;;;;;;;;;;;;;;;;;;;;;;;;;;;
;;;;;;;;;;;;;;;;;;;;;;;;;;;;;;;;;;;;;;;;;;;;
;;;;;;;;;;;;;;;;;;;;;;;;;;;;;;;;;;;;;;;;;;;;
;;;;;;;;;;;;;;;;;;;;;;;;;;;;;;;;;;;;;;;;;;;;
;;;;;;;;;;;;;;;;;;;;;;;;;;;;;;;;;;;;;;;;;;;;
;;;;;;;;;;;;;;;;;;;;;;;;;;;;;;;;;;;;;;;;;;;;
;;;;;;;;;;;;;;;;;;;;;;;;;;;;;;;;;;;;;;;;;;;;
;;;;;;;;;;;;;;;;;;;;;;;;;;;;;;;;;;;;;;;;;;;;
;;;;;;;;;;;;;;;;;;;;;;;;;;;;;;;;;;;;;;;;;;;;
;;;;;;;;;;;;;;;;;;;;;;;;;;;;;;;;;;;;;;;;;;;;
;;;;;;;;;;;;;;;;;;;;;;;;;;;;;;;;;;;;;;;;;;;;
;;;;;;;;;;;;;;;;;;;;;;;;;;;;;;;;;;;;;;;;;;;;
;;;;;;;;;;;;;;;;;;;;;;;;;;;;;;;;;;;;;;;;;;;;
;;;;;;;;;;;;;;;;;;;;;;;;;;;;;;;;;;;;;;;;;;;;
;;;;;;;;;;;;;;;;;;;;;;;;;;;;;;;;;;;;;;;;;;;;
;;;;;;;;;;;;;;;;;;;;;;;;;;;;;;;;;;;;;;;;;;;;
;;;;;;;;;;;;;;;;;;;;;;;;;;;;;;;;;;;;;;;;;;;;
;;;;;;;;;;;;;;;;;;;;;;;;;;;;;;;;;;;;;;;;;;;;
;;;;;;;;;;;;;;;;;;;;;;;;;;;;;;;;;;;;;;;;;;;;
;;;;;;;;;;;;;;;;;;;;;;;;;;;;;;;;;;;;;;;;;;;;
;;;;;;;;;;;;;;;;;;;;;;;;;;;;;;;;;;;;;;;;;;;;
;;;;;;;;;;;;;;;;;;;;;;;;;;;;;;;;;;;;;;;;;;;;
;;;;;;;;;;;;;;;;;;;;;;;;;;;;;;;;;;;;;;;;;;;;
;;;;;;;;;;;;;;;;;;;;;;;;;;;;;;;;;;;;;;;;;;;;
;;;;;;;;;;;;;;;;;;;;;;;;;;;;;;;;;;;;;;;;;;;;
;;;;;;;;;;;;;;;;;;;;;;;;;;;;;;;;;;;;;;;;;;;;
;;;;;;;;;;;;;;;;;;;;;;;;;;;;;;;;;;;;;;;;;;;;
;;;;;;;;;;;;;;;;;;;;;;;;;;;;;;;;;;;;;;;;;;;;
;;;;;;;;;;;;;;;;;;;;;;;;;;;;;;;;;;;;;;;;;;;;
;;;;;;;;;;;;;;;;;;;;;;;;;;;;;;;;;;;;;;;;;;;;
;;;;;;;;;;;;;;;;;;;;;;;;;;;;;;;;;;;;;;;;;;;;
;;;;;;;;;;;;;;;;;;;;;;;;;;;;;;;;;;;;;;;;;;;;
;;;;;;;;;;;;;;;;;;;;;;;;;;;;;;;;;;;;;;;;;;;;
;;;;;;;;;;;;;;;;;;;;;;;;;;;;;;;;;;;;;;;;;;;;
;;;;;;;;;;;;;;;;;;;;;;;;;;;;;;;;;;;;;;;;;;;;
;;;;;;;;;;;;;;;;;;;;;;;;;;;;;;;;;;;;;;;;;;;;
;;;;;;;;;;;;;;;;;;;;;;;;;;;;;;;;;;;;;;;;;;;;
;;;;;;;;;;;;;;;;;;;;;;;;;;;;;;;;;;;;;;;;;;;;
;;;;;;;;;;;;;;;;;;;;;;;;;;;;;;;;;;;;;;;;;;;;
;;;;;;;;;;;;;;;;;;;;;;;;;;;;;;;;;;;;;;;;;;;;
;;;;;;;;;;;;;;;;;;;;;;;;;;;;;;;;;;;;;;;;;;;;
;;;;;;;;;;;;;;;;;;;;;;;;;;;;;;;;;;;;;;;;;;;;
;;;;;;;;;;;;;;;;;;;;;;;;;;;;;;;;;;;;;;;;;;;;
;;;;;;;;;;;;;;;;;;;;;;;;;;;;;;;;;;;;;;;;;;;;
;;;;;;;;;;;;;;;;;;;;;;;;;;;;;;;;;;;;;;;;;;;;
;;;;;;;;;;;;;;;;;;;;;;;;;;;;;;;;;;;;;;;;;;;;
;;;;;;;;;;;;;;;;;;;;;;;;;;;;;;;;;;;;;;;;;;;;
;;;;;;;;;;;;;;;;;;;;;;;;;;;;;;;;;;;;;;;;;;;;
;;;;;;;;;;;;;;;;;;;;;;;;;;;;;;;;;;;;;;;;;;;;
;;;;;;;;;;;;;;;;;;;;;;;;;;;;;;;;;;;;;;;;;;;;
;;;;;;;;;;;;;;;;;;;;;;;;;;;;;;;;;;;;;;;;;;;;
;;;;;;;;;;;;;;;;;;;;;;;;;;;;;;;;;;;;;;;;;;;;
;;;;;;;;;;;;;;;;;;;;;;;;;;;;;;;;;;;;;;;;;;;;
;;;;;;;;;;;;;;;;;;;;;;;;;;;;;;;;;;;;;;;;;;;;
;;;;;;;;;;;;;;;;;;;;;;;;;;;;;;;;;;;;;;;;;;;;
;;;;;;;;;;;;;;;;;;;;;;;;;;;;;;;;;;;;;;;;;;;;
;;;;;;;;;;;;;;;;;;;;;;;;;;;;;;;;;;;;;;;;;;;;
;;;;;;;;;;;;;;;;;;;;;;;;;;;;;;;;;;;;;;;;;;;;
;;;;;;;;;;;;;;;;;;;;;;;;;;;;;;;;;;;;;;;;;;;;
;;;;;;;;;;;;;;;;;;;;;;;;;;;;;;;;;;;;;;;;;;;;
;;;;;;;;;;;;;;;;;;;;;;;;;;;;;;;;;;;;;;;;;;;;
;;;;;;;;;;;;;;;;;;;;;;;;;;;;;;;;;;;;;;;;;;;;
;;;;;;;;;;;;;;;;;;;;;;;;;;;;;;;;;;;;;;;;;;;;
;;;;;;;;;;;;;;;;;;;;;;;;;;;;;;;;;;;;;;;;;;;;
;;;;;;;;;;;;;;;;;;;;;;;;;;;;;;;;;;;;;;;;;;;;
;;;;;;;;;;;;;;;;;;;;;;;;;;;;;;;;;;;;;;;;;;;;
;;;;;;;;;;;;;;;;;;;;;;;;;;;;;;;;;;;;;;;;;;;;
;;;;;;;;;;;;;;;;;;;;;;;;;;;;;;;;;;;;;;;;;;;;
;;;;;;;;;;;;;;;;;;;;;;;;;;;;;;;;;;;;;;;;;;;;
;;;;;;;;;;;;;;;;;;;;;;;;;;;;;;;;;;;;;;;;;;;;
;;;;;;;;;;;;;;;;;;;;;;;;;;;;;;;;;;;;;;;;;;;;
;;;;;;;;;;;;;;;;;;;;;;;;;;;;;;;;;;;;;;;;;;;;
;;;;;;;;;;;;;;;;;;;;;;;;;;;;;;;;;;;;;;;;;;;;
;;;;;;;;;;;;;;;;;;;;;;;;;;;;;;;;;;;;;;;;;;;;
;;;;;;;;;;;;;;;;;;;;;;;;;;;;;;;;;;;;;;;;;;;;
;;;;;;;;;;;;;;;;;;;;;;;;;;;;;;;;;;;;;;;;;;;;
;;;;;;;;;;;;;;;;;;;;;;;;;;;;;;;;;;;;;;;;;;;;
;;;;;;;;;;;;;;;;;;;;;;;;;;;;;;;;;;;;;;;;;;;;
;;;;;;;;;;;;;;;;;;;;;;;;;;;;;;;;;;;;;;;;;;;;
;;;;;;;;;;;;;;;;;;;;;;;;;;;;;;;;;;;;;;;;;;;;
;;;;;;;;;;;;;;;;;;;;;;;;;;;;;;;;;;;;;;;;;;;;
;;;;;;;;;;;;;;;;;;;;;;;;;;;;;;;;;;;;;;;;;;;;
;;;;;;;;;;;;;;;;;;;;;;;;;;;;;;;;;;;;;;;;;;;;
;;;;;;;;;;;;;;;;;;;;;;;;;;;;;;;;;;;;;;;;;;;;
;;;;;;;;;;;;;;;;;;;;;;;;;;;;;;;;;;;;;;;;;;;;
;;;;;;;;;;;;;;;;;;;;;;;;;;;;;;;;;;;;;;;;;;;;
;;;;;;;;;;;;;;;;;;;;;;;;;;;;;;;;;;;;;;;;;;;;
;;;;;;;;;;;;;;;;;;;;;;;;;;;;;;;;;;;;;;;;;;;;
;;;;;;;;;;;;;;;;;;;;;;;;;;;;;;;;;;;;;;;;;;;;
;;;;;;;;;;;;;;;;;;;;;;;;;;;;;;;;;;;;;;;;;;;;
;;;;;;;;;;;;;;;;;;;;;;;;;;;;;;;;;;;;;;;;;;;;
;;;;;;;;;;;;;;;;;;;;;;;;;;;;;;;;;;;;;;;;;;;;
;;;;;;;;;;;;;;;;;;;;;;;;;;;;;;;;;;;;;;;;;;;;
;;;;;;;;;;;;;;;;;;;;;;;;;;;;;;;;;;;;;;;;;;;;
;;;;;;;;;;;;;;;;;;;;;;;;;;;;;;;;;;;;;;;;;;;;
;;;;;;;;;;;;;;;;;;;;;;;;;;;;;;;;;;;;;;;;;;;;
;;;;;;;;;;;;;;;;;;;;;;;;;;;;;;;;;;;;;;;;;;;;
;;;;;;;;;;;;;;;;;;;;;;;;;;;;;;;;;;;;;;;;;;;;
;;;;;;;;;;;;;;;;;;;;;;;;;;;;;;;;;;;;;;;;;;;;
;;;;;;;;;;;;;;;;;;;;;;;;;;;;;;;;;;;;;;;;;;;;
;;;;;;;;;;;;;;;;;;;;;;;;;;;;;;;;;;;;;;;;;;;;
;;;;;;;;;;;;;;;;;;;;;;;;;;;;;;;;;;;;;;;;;;;;
;;;;;;;;;;;;;;;;;;;;;;;;;;;;;;;;;;;;;;;;;;;;
;;;;;;;;;;;;;;;;;;;;;;;;;;;;;;;;;;;;;;;;;;;;
;;;;;;;;;;;;;;;;;;;;;;;;;;;;;;;;;;;;;;;;;;;;
;;;;;;;;;;;;;;;;;;;;;;;;;;;;;;;;;;;;;;;;;;;;
;;;;;;;;;;;;;;;;;;;;;;;;;;;;;;;;;;;;;;;;;;;;
;;;;;;;;;;;;;;;;;;;;;;;;;;;;;;;;;;;;;;;;;;;;
;;;;;;;;;;;;;;;;;;;;;;;;;;;;;;;;;;;;;;;;;;;;
;;;;;;;;;;;;;;;;;;;;;;;;;;;;;;;;;;;;;;;;;;;;
;;;;;;;;;;;;;;;;;;;;;;;;;;;;;;;;;;;;;;;;;;;;
;;;;;;;;;;;;;;;;;;;;;;;;;;;;;;;;;;;;;;;;;;;;
;;;;;;;;;;;;;;;;;;;;;;;;;;;;;;;;;;;;;;;;;;;;
;;;;;;;;;;;;;;;;;;;;;;;;;;;;;;;;;;;;;;;;;;;;
;;;;;;;;;;;;;;;;;;;;;;;;;;;;;;;;;;;;;;;;;;;;
;;;;;;;;;;;;;;;;;;;;;;;;;;;;;;;;;;;;;;;;;;;;
;;;;;;;;;;;;;;;;;;;;;;;;;;;;;;;;;;;;;;;;;;;;
;;;;;;;;;;;;;;;;;;;;;;;;;;;;;;;;;;;;;;;;;;;;
;;;;;;;;;;;;;;;;;;;;;;;;;;;;;;;;;;;;;;;;;;;;
;;;;;;;;;;;;;;;;;;;;;;;;;;;;;;;;;;;;;;;;;;;;
;;;;;;;;;;;;;;;;;;;;;;;;;;;;;;;;;;;;;;;;;;;;
;;;;;;;;;;;;;;;;;;;;;;;;;;;;;;;;;;;;;;;;;;;;
;;;;;;;;;;;;;;;;;;;;;;;;;;;;;;;;;;;;;;;;;;;;
;;;;;;;;;;;;;;;;;;;;;;;;;;;;;;;;;;;;;;;;;;;;
;;;;;;;;;;;;;;;;;;;;;;;;;;;;;;;;;;;;;;;;;;;;
;;;;;;;;;;;;;;;;;;;;;;;;;;;;;;;;;;;;;;;;;;;;
;;;;;;;;;;;;;;;;;;;;;;;;;;;;;;;;;;;;;;;;;;;;
;;;;;;;;;;;;;;;;;;;;;;;;;;;;;;;;;;;;;;;;;;;;
;;;;;;;;;;;;;;;;;;;;;;;;;;;;;;;;;;;;;;;;;;;;
;;;;;;;;;;;;;;;;;;;;;;;;;;;;;;;;;;;;;;;;;;;;
;;;;;;;;;;;;;;;;;;;;;;;;;;;;;;;;;;;;;;;;;;;;
;;;;;;;;;;;;;;;;;;;;;;;;;;;;;;;;;;;;;;;;;;;;
;;;;;;;;;;;;;;;;;;;;;;;;;;;;;;;;;;;;;;;;;;;;
;;;;;;;;;;;;;;;;;;;;;;;;;;;;;;;;;;;;;;;;;;;;
;;;;;;;;;;;;;;;;;;;;;;;;;;;;;;;;;;;;;;;;;;;;
;;;;;;;;;;;;;;;;;;;;;;;;;;;;;;;;;;;;;;;;;;;;
;;;;;;;;;;;;;;;;;;;;;;;;;;;;;;;;;;;;;;;;;;;;
;;;;;;;;;;;;;;;;;;;;;;;;;;;;;;;;;;;;;;;;;;;;
;;;;;;;;;;;;;;;;;;;;;;;;;;;;;;;;;;;;;;;;;;;;
;;;;;;;;;;;;;;;;;;;;;;;;;;;;;;;;;;;;;;;;;;;;
;;;;;;;;;;;;;;;;;;;;;;;;;;;;;;;;;;;;;;;;;;;;
;;;;;;;;;;;;;;;;;;;;;;;;;;;;;;;;;;;;;;;;;;;;
;;;;;;;;;;;;;;;;;;;;;;;;;;;;;;;;;;;;;;;;;;;;
;;;;;;;;;;;;;;;;;;;;;;;;;;;;;;;;;;;;;;;;;;;;
;;;;;;;;;;;;;;;;;;;;;;;;;;;;;;;;;;;;;;;;;;;;
;;;;;;;;;;;;;;;;;;;;;;;;;;;;;;;;;;;;;;;;;;;;
;;;;;;;;;;;;;;;;;;;;;;;;;;;;;;;;;;;;;;;;;;;;
;;;;;;;;;;;;;;;;;;;;;;;;;;;;;;;;;;;;;;;;;;;;
;;;;;;;;;;;;;;;;;;;;;;;;;;;;;;;;;;;;;;;;;;;;
;;;;;;;;;;;;;;;;;;;;;;;;;;;;;;;;;;;;;;;;;;;;
;;;;;;;;;;;;;;;;;;;;;;;;;;;;;;;;;;;;;;;;;;;;
;;;;;;;;;;;;;;;;;;;;;;;;;;;;;;;;;;;;;;;;;;;;
;;;;;;;;;;;;;;;;;;;;;;;;;;;;;;;;;;;;;;;;;;;;
;;;;;;;;;;;;;;;;;;;;;;;;;;;;;;;;;;;;;;;;;;;;
;;;;;;;;;;;;;;;;;;;;;;;;;;;;;;;;;;;;;;;;;;;;
;;;;;;;;;;;;;;;;;;;;;;;;;;;;;;;;;;;;;;;;;;;;
;;;;;;;;;;;;;;;;;;;;;;;;;;;;;;;;;;;;;;;;;;;;
;;;;;;;;;;;;;;;;;;;;;;;;;;;;;;;;;;;;;;;;;;;;
;;;;;;;;;;;;;;;;;;;;;;;;;;;;;;;;;;;;;;;;;;;;
;;;;;;;;;;;;;;;;;;;;;;;;;;;;;;;;;;;;;;;;;;;;
;;;;;;;;;;;;;;;;;;;;;;;;;;;;;;;;;;;;;;;;;;;;
;;;;;;;;;;;;;;;;;;;;;;;;;;;;;;;;;;;;;;;;;;;;
;;;;;;;;;;;;;;;;;;;;;;;;;;;;;;;;;;;;;;;;;;;;
;;;;;;;;;;;;;;;;;;;;;;;;;;;;;;;;;;;;;;;;;;;;
;;;;;;;;;;;;;;;;;;;;;;;;;;;;;;;;;;;;;;;;;;;;
;;;;;;;;;;;;;;;;;;;;;;;;;;;;;;;;;;;;;;;;;;;;
;;;;;;;;;;;;;;;;;;;;;;;;;;;;;;;;;;;;;;;;;;;;
;;;;;;;;;;;;;;;;;;;;;;;;;;;;;;;;;;;;;;;;;;;;
;;;;;;;;;;;;;;;;;;;;;;;;;;;;;;;;;;;;;;;;;;;;
;;;;;;;;;;;;;;;;;;;;;;;;;;;;;;;;;;;;;;;;;;;;
;;;;;;;;;;;;;;;;;;;;;;;;;;;;;;;;;;;;;;;;;;;;
;;;;;;;;;;;;;;;;;;;;;;;;;;;;;;;;;;;;;;;;;;;;
;;;;;;;;;;;;;;;;;;;;;;;;;;;;;;;;;;;;;;;;;;;;
;;;;;;;;;;;;;;;;;;;;;;;;;;;;;;;;;;;;;;;;;;;;
;;;;;;;;;;;;;;;;;;;;;;;;;;;;;;;;;;;;;;;;;;;;
;;;;;;;;;;;;;;;;;;;;;;;;;;;;;;;;;;;;;;;;;;;;
;;;;;;;;;;;;;;;;;;;;;;;;;;;;;;;;;;;;;;;;;;;;
;;;;;;;;;;;;;;;;;;;;;;;;;;;;;;;;;;;;;;;;;;;;
;;;;;;;;;;;;;;;;;;;;;;;;;;;;;;;;;;;;;;;;;;;;
;;;;;;;;;;;;;;;;;;;;;;;;;;;;;;;;;;;;;;;;;;;;
;;;;;;;;;;;;;;;;;;;;;;;;;;;;;;;;;;;;;;;;;;;;
;;;;;;;;;;;;;;;;;;;;;;;;;;;;;;;;;;;;;;;;;;;;
;;;;;;;;;;;;;;;;;;;;;;;;;;;;;;;;;;;;;;;;;;;;
;;;;;;;;;;;;;;;;;;;;;;;;;;;;;;;;;;;;;;;;;;;;
;;;;;;;;;;;;;;;;;;;;;;;;;;;;;;;;;;;;;;;;;;;;
;;;;;;;;;;;;;;;;;;;;;;;;;;;;;;;;;;;;;;;;;;;;
;;;;;;;;;;;;;;;;;;;;;;;;;;;;;;;;;;;;;;;;;;;;
;;;;;;;;;;;;;;;;;;;;;;;;;;;;;;;;;;;;;;;;;;;;
;;;;;;;;;;;;;;;;;;;;;;;;;;;;;;;;;;;;;;;;;;;;
;;;;;;;;;;;;;;;;;;;;;;;;;;;;;;;;;;;;;;;;;;;;
;;;;;;;;;;;;;;;;;;;;;;;;;;;;;;;;;;;;;;;;;;;;
;;;;;;;;;;;;;;;;;;;;;;;;;;;;;;;;;;;;;;;;;;;;
;;;;;;;;;;;;;;;;;;;;;;;;;;;;;;;;;;;;;;;;;;;;
;;;;;;;;;;;;;;;;;;;;;;;;;;;;;;;;;;;;;;;;;;;;
;;;;;;;;;;;;;;;;;;;;;;;;;;;;;;;;;;;;;;;;;;;;
;;;;;;;;;;;;;;;;;;;;;;;;;;;;;;;;;;;;;;;;;;;;
;;;;;;;;;;;;;;;;;;;;;;;;;;;;;;;;;;;;;;;;;;;;
;;;;;;;;;;;;;;;;;;;;;;;;;;;;;;;;;;;;;;;;;;;;
;;;;;;;;;;;;;;;;;;;;;;;;;;;;;;;;;;;;;;;;;;;;
;;;;;;;;;;;;;;;;;;;;;;;;;;;;;;;;;;;;;;;;;;;;
;;;;;;;;;;;;;;;;;;;;;;;;;;;;;;;;;;;;;;;;;;;;
;;;;;;;;;;;;;;;;;;;;;;;;;;;;;;;;;;;;;;;;;;;;
;;;;;;;;;;;;;;;;;;;;;;;;;;;;;;;;;;;;;;;;;;;;
;;;;;;;;;;;;;;;;;;;;;;;;;;;;;;;;;;;;;;;;;;;;
;;;;;;;;;;;;;;;;;;;;;;;;;;;;;;;;;;;;;;;;;;;;
;;;;;;;;;;;;;;;;;;;;;;;;;;;;;;;;;;;;;;;;;;;;
;;;;;;;;;;;;;;;;;;;;;;;;;;;;;;;;;;;;;;;;;;;;
;;;;;;;;;;;;;;;;;;;;;;;;;;;;;;;;;;;;;;;;;;;;
;;;;;;;;;;;;;;;;;;;;;;;;;;;;;;;;;;;;;;;;;;;;
;;;;;;;;;;;;;;;;;;;;;;;;;;;;;;;;;;;;;;;;;;;;
;;;;;;;;;;;;;;;;;;;;;;;;;;;;;;;;;;;;;;;;;;;;
;;;;;;;;;;;;;;;;;;;;;;;;;;;;;;;;;;;;;;;;;;;;
;;;;;;;;;;;;;;;;;;;;;;;;;;;;;;;;;;;;;;;;;;;;
;;;;;;;;;;;;;;;;;;;;;;;;;;;;;;;;;;;;;;;;;;;;
;;;;;;;;;;;;;;;;;;;;;;;;;;;;;;;;;;;;;;;;;;;;
;;;;;;;;;;;;;;;;;;;;;;;;;;;;;;;;;;;;;;;;;;;;
;;;;;;;;;;;;;;;;;;;;;;;;;;;;;;;;;;;;;;;;;;;;
;;;;;;;;;;;;;;;;;;;;;;;;;;;;;;;;;;;;;;;;;;;;
;;;;;;;;;;;;;;;;;;;;;;;;;;;;;;;;;;;;;;;;;;;;
;;;;;;;;;;;;;;;;;;;;;;;;;;;;;;;;;;;;;;;;;;;;
;;;;;;;;;;;;;;;;;;;;;;;;;;;;;;;;;;;;;;;;;;;;
;;;;;;;;;;;;;;;;;;;;;;;;;;;;;;;;;;;;;;;;;;;;
;;;;;;;;;;;;;;;;;;;;;;;;;;;;;;;;;;;;;;;;;;;;
;;;;;;;;;;;;;;;;;;;;;;;;;;;;;;;;;;;;;;;;;;;;
;;;;;;;;;;;;;;;;;;;;;;;;;;;;;;;;;;;;;;;;;;;;
;;;;;;;;;;;;;;;;;;;;;;;;;;;;;;;;;;;;;;;;;;;;
;;;;;;;;;;;;;;;;;;;;;;;;;;;;;;;;;;;;;;;;;;;;
;;;;;;;;;;;;;;;;;;;;;;;;;;;;;;;;;;;;;;;;;;;;
;;;;;;;;;;;;;;;;;;;;;;;;;;;;;;;;;;;;;;;;;;;;
;;;;;;;;;;;;;;;;;;;;;;;;;;;;;;;;;;;;;;;;;;;;
;;;;;;;;;;;;;;;;;;;;;;;;;;;;;;;;;;;;;;;;;;;;
;;;;;;;;;;;;;;;;;;;;;;;;;;;;;;;;;;;;;;;;;;;;
;;;;;;;;;;;;;;;;;;;;;;;;;;;;;;;;;;;;;;;;;;;;
;;;;;;;;;;;;;;;;;;;;;;;;;;;;;;;;;;;;;;;;;;;;
;;;;;;;;;;;;;;;;;;;;;;;;;;;;;;;;;;;;;;;;;;;;
;;;;;;;;;;;;;;;;;;;;;;;;;;;;;;;;;;;;;;;;;;;;
;;;;;;;;;;;;;;;;;;;;;;;;;;;;;;;;;;;;;;;;;;;;
;;;;;;;;;;;;;;;;;;;;;;;;;;;;;;;;;;;;;;;;;;;;
;;;;;;;;;;;;;;;;;;;;;;;;;;;;;;;;;;;;;;;;;;;;
;;;;;;;;;;;;;;;;;;;;;;;;;;;;;;;;;;;;;;;;;;;;
;;;;;;;;;;;;;;;;;;;;;;;;;;;;;;;;;;;;;;;;;;;;
;;;;;;;;;;;;;;;;;;;;;;;;;;;;;;;;;;;;;;;;;;;;
;;;;;;;;;;;;;;;;;;;;;;;;;;;;;;;;;;;;;;;;;;;;
;;;;;;;;;;;;;;;;;;;;;;;;;;;;;;;;;;;;;;;;;;;;
;;;;;;;;;;;;;;;;;;;;;;;;;;;;;;;;;;;;;;;;;;;;
;;;;;;;;;;;;;;;;;;;;;;;;;;;;;;;;;;;;;;;;;;;;
;;;;;;;;;;;;;;;;;;;;;;;;;;;;;;;;;;;;;;;;;;;;
;;;;;;;;;;;;;;;;;;;;;;;;;;;;;;;;;;;;;;;;;;;;
;;;;;;;;;;;;;;;;;;;;;;;;;;;;;;;;;;;;;;;;;;;;
;;;;;;;;;;;;;;;;;;;;;;;;;;;;;;;;;;;;;;;;;;;;
;;;;;;;;;;;;;;;;;;;;;;;;;;;;;;;;;;;;;;;;;;;;
;;;;;;;;;;;;;;;;;;;;;;;;;;;;;;;;;;;;;;;;;;;;
;;;;;;;;;;;;;;;;;;;;;;;;;;;;;;;;;;;;;;;;;;;;
;;;;;;;;;;;;;;;;;;;;;;;;;;;;;;;;;;;;;;;;;;;;
;;;;;;;;;;;;;;;;;;;;;;;;;;;;;;;;;;;;;;;;;;;;
;;;;;;;;;;;;;;;;;;;;;;;;;;;;;;;;;;;;;;;;;;;;
;;;;;;;;;;;;;;;;;;;;;;;;;;;;;;;;;;;;;;;;;;;;
;;;;;;;;;;;;;;;;;;;;;;;;;;;;;;;;;;;;;;;;;;;;
;;;;;;;;;;;;;;;;;;;;;;;;;;;;;;;;;;;;;;;;;;;;
;;;;;;;;;;;;;;;;;;;;;;;;;;;;;;;;;;;;;;;;;;;;
;;;;;;;;;;;;;;;;;;;;;;;;;;;;;;;;;;;;;;;;;;;;
;;;;;;;;;;;;;;;;;;;;;;;;;;;;;;;;;;;;;;;;;;;;
;;;;;;;;;;;;;;;;;;;;;;;;;;;;;;;;;;;;;;;;;;;;
;;;;;;;;;;;;;;;;;;;;;;;;;;;;;;;;;;;;;;;;;;;;
;;;;;;;;;;;;;;;;;;;;;;;;;;;;;;;;;;;;;;;;;;;;
;;;;;;;;;;;;;;;;;;;;;;;;;;;;;;;;;;;;;;;;;;;;
;;;;;;;;;;;;;;;;;;;;;;;;;;;;;;;;;;;;;;;;;;;;
;;;;;;;;;;;;;;;;;;;;;;;;;;;;;;;;;;;;;;;;;;;;
;;;;;;;;;;;;;;;;;;;;;;;;;;;;;;;;;;;;;;;;;;;;
;;;;;;;;;;;;;;;;;;;;;;;;;;;;;;;;;;;;;;;;;;;;
;;;;;;;;;;;;;;;;;;;;;;;;;;;;;;;;;;;;;;;;;;;;
;;;;;;;;;;;;;;;;;;;;;;;;;;;;;;;;;;;;;;;;;;;;
;;;;;;;;;;;;;;;;;;;;;;;;;;;;;;;;;;;;;;;;;;;;
;;;;;;;;;;;;;;;;;;;;;;;;;;;;;;;;;;;;;;;;;;;;
;;;;;;;;;;;;;;;;;;;;;;;;;;;;;;;;;;;;;;;;;;;;
;;;;;;;;;;;;;;;;;;;;;;;;;;;;;;;;;;;;;;;;;;;;
;;;;;;;;;;;;;;;;;;;;;;;;;;;;;;;;;;;;;;;;;;;;
;;;;;;;;;;;;;;;;;;;;;;;;;;;;;;;;;;;;;;;;;;;;
;;;;;;;;;;;;;;;;;;;;;;;;;;;;;;;;;;;;;;;;;;;;
;;;;;;;;;;;;;;;;;;;;;;;;;;;;;;;;;;;;;;;;;;;;
;;;;;;;;;;;;;;;;;;;;;;;;;;;;;;;;;;;;;;;;;;;;
;;;;;;;;;;;;;;;;;;;;;;;;;;;;;;;;;;;;;;;;;;;;
;;;;;;;;;;;;;;;;;;;;;;;;;;;;;;;;;;;;;;;;;;;;
;;;;;;;;;;;;;;;;;;;;;;;;;;;;;;;;;;;;;;;;;;;;
;;;;;;;;;;;;;;;;;;;;;;;;;;;;;;;;;;;;;;;;;;;;
;;;;;;;;;;;;;;;;;;;;;;;;;;;;;;;;;;;;;;;;;;;;
;;;;;;;;;;;;;;;;;;;;;;;;;;;;;;;;;;;;;;;;;;;;
;;;;;;;;;;;;;;;;;;;;;;;;;;;;;;;;;;;;;;;;;;;;
;;;;;;;;;;;;;;;;;;;;;;;;;;;;;;;;;;;;;;;;;;;;
;;;;;;;;;;;;;;;;;;;;;;;;;;;;;;;;;;;;;;;;;;;;
;;;;;;;;;;;;;;;;;;;;;;;;;;;;;;;;;;;;;;;;;;;;
;;;;;;;;;;;;;;;;;;;;;;;;;;;;;;;;;;;;;;;;;;;;
;;;;;;;;;;;;;;;;;;;;;;;;;;;;;;;;;;;;;;;;;;;;
;;;;;;;;;;;;;;;;;;;;;;;;;;;;;;;;;;;;;;;;;;;;
;;;;;;;;;;;;;;;;;;;;;;;;;;;;;;;;;;;;;;;;;;;;
;;;;;;;;;;;;;;;;;;;;;;;;;;;;;;;;;;;;;;;;;;;;
;;;;;;;;;;;;;;;;;;;;;;;;;;;;;;;;;;;;;;;;;;;;
;;;;;;;;;;;;;;;;;;;;;;;;;;;;;;;;;;;;;;;;;;;;
;;;;;;;;;;;;;;;;;;;;;;;;;;;;;;;;;;;;;;;;;;;;
;;;;;;;;;;;;;;;;;;;;;;;;;;;;;;;;;;;;;;;;;;;;
;;;;;;;;;;;;;;;;;;;;;;;;;;;;;;;;;;;;;;;;;;;;
;;;;;;;;;;;;;;;;;;;;;;;;;;;;;;;;;;;;;;;;;;;;
;;;;;;;;;;;;;;;;;;;;;;;;;;;;;;;;;;;;;;;;;;;;
;;;;;;;;;;;;;;;;;;;;;;;;;;;;;;;;;;;;;;;;;;;;
;;;;;;;;;;;;;;;;;;;;;;;;;;;;;;;;;;;;;;;;;;;;
;;;;;;;;;;;;;;;;;;;;;;;;;;;;;;;;;;;;;;;;;;;;
;;;;;;;;;;;;;;;;;;;;;;;;;;;;;;;;;;;;;;;;;;;;
;;;;;;;;;;;;;;;;;;;;;;;;;;;;;;;;;;;;;;;;;;;;
;;;;;;;;;;;;;;;;;;;;;;;;;;;;;;;;;;;;;;;;;;;;
;;;;;;;;;;;;;;;;;;;;;;;;;;;;;;;;;;;;;;;;;;;;
;;;;;;;;;;;;;;;;;;;;;;;;;;;;;;;;;;;;;;;;;;;;
;;;;;;;;;;;;;;;;;;;;;;;;;;;;;;;;;;;;;;;;;;;;
;;;;;;;;;;;;;;;;;;;;;;;;;;;;;;;;;;;;;;;;;;;;
;;;;;;;;;;;;;;;;;;;;;;;;;;;;;;;;;;;;;;;;;;;;
;;;;;;;;;;;;;;;;;;;;;;;;;;;;;;;;;;;;;;;;;;;;
;;;;;;;;;;;;;;;;;;;;;;;;;;;;;;;;;;;;;;;;;;;;
;;;;;;;;;;;;;;;;;;;;;;;;;;;;;;;;;;;;;;;;;;;;
;;;;;;;;;;;;;;;;;;;;;;;;;;;;;;;;;;;;;;;;;;;;
;;;;;;;;;;;;;;;;;;;;;;;;;;;;;;;;;;;;;;;;;;;;
;;;;;;;;;;;;;;;;;;;;;;;;;;;;;;;;;;;;;;;;;;;;
;;;;;;;;;;;;;;;;;;;;;;;;;;;;;;;;;;;;;;;;;;;;
;;;;;;;;;;;;;;;;;;;;;;;;;;;;;;;;;;;;;;;;;;;;
;;;;;;;;;;;;;;;;;;;;;;;;;;;;;;;;;;;;;;;;;;;;
;;;;;;;;;;;;;;;;;;;;;;;;;;;;;;;;;;;;;;;;;;;;
;;;;;;;;;;;;;;;;;;;;;;;;;;;;;;;;;;;;;;;;;;;;
;;;;;;;;;;;;;;;;;;;;;;;;;;;;;;;;;;;;;;;;;;;;
;;;;;;;;;;;;;;;;;;;;;;;;;;;;;;;;;;;;;;;;;;;;
;;;;;;;;;;;;;;;;;;;;;;;;;;;;;;;;;;;;;;;;;;;;
;;;;;;;;;;;;;;;;;;;;;;;;;;;;;;;;;;;;;;;;;;;;
;;;;;;;;;;;;;;;;;;;;;;;;;;;;;;;;;;;;;;;;;;;;
;;;;;;;;;;;;;;;;;;;;;;;;;;;;;;;;;;;;;;;;;;;;
;;;;;;;;;;;;;;;;;;;;;;;;;;;;;;;;;;;;;;;;;;;;
;;;;;;;;;;;;;;;;;;;;;;;;;;;;;;;;;;;;;;;;;;;;
;;;;;;;;;;;;;;;;;;;;;;;;;;;;;;;;;;;;;;;;;;;;
;;;;;;;;;;;;;;;;;;;;;;;;;;;;;;;;;;;;;;;;;;;;
;;;;;;;;;;;;;;;;;;;;;;;;;;;;;;;;;;;;;;;;;;;;
;;;;;;;;;;;;;;;;;;;;;;;;;;;;;;;;;;;;;;;;;;;;
;;;;;;;;;;;;;;;;;;;;;;;;;;;;;;;;;;;;;;;;;;;;
;;;;;;;;;;;;;;;;;;;;;;;;;;;;;;;;;;;;;;;;;;;;
;;;;;;;;;;;;;;;;;;;;;;;;;;;;;;;;;;;;;;;;;;;;
;;;;;;;;;;;;;;;;;;;;;;;;;;;;;;;;;;;;;;;;;;;;
;;;;;;;;;;;;;;;;;;;;;;;;;;;;;;;;;;;;;;;;;;;;
;;;;;;;;;;;;;;;;;;;;;;;;;;;;;;;;;;;;;;;;;;;;
;;;;;;;;;;;;;;;;;;;;;;;;;;;;;;;;;;;;;;;;;;;;
;;;;;;;;;;;;;;;;;;;;;;;;;;;;;;;;;;;;;;;;;;;;
;;;;;;;;;;;;;;;;;;;;;;;;;;;;;;;;;;;;;;;;;;;;
;;;;;;;;;;;;;;;;;;;;;;;;;;;;;;;;;;;;;;;;;;;;
;;;;;;;;;;;;;;;;;;;;;;;;;;;;;;;;;;;;;;;;;;;;
;;;;;;;;;;;;;;;;;;;;;;;;;;;;;;;;;;;;;;;;;;;;
;;;;;;;;;;;;;;;;;;;;;;;;;;;;;;;;;;;;;;;;;;;;
;;;;;;;;;;;;;;;;;;;;;;;;;;;;;;;;;;;;;;;;;;;;
;;;;;;;;;;;;;;;;;;;;;;;;;;;;;;;;;;;;;;;;;;;;
;;;;;;;;;;;;;;;;;;;;;;;;;;;;;;;;;;;;;;;;;;;;
;;;;;;;;;;;;;;;;;;;;;;;;;;;;;;;;;;;;;;;;;;;;
;;;;;;;;;;;;;;;;;;;;;;;;;;;;;;;;;;;;;;;;;;;;
;;;;;;;;;;;;;;;;;;;;;;;;;;;;;;;;;;;;;;;;;;;;
;;;;;;;;;;;;;;;;;;;;;;;;;;;;;;;;;;;;;;;;;;;;
;;;;;;;;;;;;;;;;;;;;;;;;;;;;;;;;;;;;;;;;;;;;
;;;;;;;;;;;;;;;;;;;;;;;;;;;;;;;;;;;;;;;;;;;;
;;;;;;;;;;;;;;;;;;;;;;;;;;;;;;;;;;;;;;;;;;;;
;;;;;;;;;;;;;;;;;;;;;;;;;;;;;;;;;;;;;;;;;;;;
;;;;;;;;;;;;;;;;;;;;;;;;;;;;;;;;;;;;;;;;;;;;
;;;;;;;;;;;;;;;;;;;;;;;;;;;;;;;;;;;;;;;;;;;;
;;;;;;;;;;;;;;;;;;;;;;;;;;;;;;;;;;;;;;;;;;;;
;;;;;;;;;;;;;;;;;;;;;;;;;;;;;;;;;;;;;;;;;;;;
;;;;;;;;;;;;;;;;;;;;;;;;;;;;;;;;;;;;;;;;;;;;
;;;;;;;;;;;;;;;;;;;;;;;;;;;;;;;;;;;;;;;;;;;;
;;;;;;;;;;;;;;;;;;;;;;;;;;;;;;;;;;;;;;;;;;;;
;;;;;;;;;;;;;;;;;;;;;;;;;;;;;;;;;;;;;;;;;;;;
;;;;;;;;;;;;;;;;;;;;;;;;;;;;;;;;;;;;;;;;;;;;
;;;;;;;;;;;;;;;;;;;;;;;;;;;;;;;;;;;;;;;;;;;;
;;;;;;;;;;;;;;;;;;;;;;;;;;;;;;;;;;;;;;;;;;;;
;;;;;;;;;;;;;;;;;;;;;;;;;;;;;;;;;;;;;;;;;;;;
;;;;;;;;;;;;;;;;;;;;;;;;;;;;;;;;;;;;;;;;;;;;
;;;;;;;;;;;;;;;;;;;;;;;;;;;;;;;;;;;;;;;;;;;;
;;;;;;;;;;;;;;;;;;;;;;;;;;;;;;;;;;;;;;;;;;;;
;;;;;;;;;;;;;;;;;;;;;;;;;;;;;;;;;;;;;;;;;;;;
;;;;;;;;;;;;;;;;;;;;;;;;;;;;;;;;;;;;;;;;;;;;
;;;;;;;;;;;;;;;;;;;;;;;;;;;;;;;;;;;;;;;;;;;;
;;;;;;;;;;;;;;;;;;;;;;;;;;;;;;;;;;;;;;;;;;;;
;;;;;;;;;;;;;;;;;;;;;;;;;;;;;;;;;;;;;;;;;;;;
;;;;;;;;;;;;;;;;;;;;;;;;;;;;;;;;;;;;;;;;;;;;
;;;;;;;;;;;;;;;;;;;;;;;;;;;;;;;;;;;;;;;;;;;;
;;;;;;;;;;;;;;;;;;;;;;;;;;;;;;;;;;;;;;;;;;;;
;;;;;;;;;;;;;;;;;;;;;;;;;;;;;;;;;;;;;;;;;;;;
;;;;;;;;;;;;;;;;;;;;;;;;;;;;;;;;;;;;;;;;;;;;
;;;;;;;;;;;;;;;;;;;;;;;;;;;;;;;;;;;;;;;;;;;;
;;;;;;;;;;;;;;;;;;;;;;;;;;;;;;;;;;;;;;;;;;;;
;;;;;;;;;;;;;;;;;;;;;;;;;;;;;;;;;;;;;;;;;;;;
;;;;;;;;;;;;;;;;;;;;;;;;;;;;;;;;;;;;;;;;;;;;
;;;;;;;;;;;;;;;;;;;;;;;;;;;;;;;;;;;;;;;;;;;;
;;;;;;;;;;;;;;;;;;;;;;;;;;;;;;;;;;;;;;;;;;;;
;;;;;;;;;;;;;;;;;;;;;;;;;;;;;;;;;;;;;;;;;;;;
;;;;;;;;;;;;;;;;;;;;;;;;;;;;;;;;;;;;;;;;;;;;
;;;;;;;;;;;;;;;;;;;;;;;;;;;;;;;;;;;;;;;;;;;;
;;;;;;;;;;;;;;;;;;;;;;;;;;;;;;;;;;;;;;;;;;;;
;;;;;;;;;;;;;;;;;;;;;;;;;;;;;;;;;;;;;;;;;;;;
;;;;;;;;;;;;;;;;;;;;;;;;;;;;;;;;;;;;;;;;;;;;
;;;;;;;;;;;;;;;;;;;;;;;;;;;;;;;;;;;;;;;;;;;;
;;;;;;;;;;;;;;;;;;;;;;;;;;;;;;;;;;;;;;;;;;;;
;;;;;;;;;;;;;;;;;;;;;;;;;;;;;;;;;;;;;;;;;;;;
;;;;;;;;;;;;;;;;;;;;;;;;;;;;;;;;;;;;;;;;;;;;
;;;;;;;;;;;;;;;;;;;;;;;;;;;;;;;;;;;;;;;;;;;;
;;;;;;;;;;;;;;;;;;;;;;;;;;;;;;;;;;;;;;;;;;;;
;;;;;;;;;;;;;;;;;;;;;;;;;;;;;;;;;;;;;;;;;;;;
;;;;;;;;;;;;;;;;;;;;;;;;;;;;;;;;;;;;;;;;;;;;
;;;;;;;;;;;;;;;;;;;;;;;;;;;;;;;;;;;;;;;;;;;;
;;;;;;;;;;;;;;;;;;;;;;;;;;;;;;;;;;;;;;;;;;;;
;;;;;;;;;;;;;;;;;;;;;;;;;;;;;;;;;;;;;;;;;;;;
;;;;;;;;;;;;;;;;;;;;;;;;;;;;;;;;;;;;;;;;;;;;
;;;;;;;;;;;;;;;;;;;;;;;;;;;;;;;;;;;;;;;;;;;;
;;;;;;;;;;;;;;;;;;;;;;;;;;;;;;;;;;;;;;;;;;;;
;;;;;;;;;;;;;;;;;;;;;;;;;;;;;;;;;;;;;;;;;;;;
;;;;;;;;;;;;;;;;;;;;;;;;;;;;;;;;;;;;;;;;;;;;
;;;;;;;;;;;;;;;;;;;;;;;;;;;;;;;;;;;;;;;;;;;;
;;;;;;;;;;;;;;;;;;;;;;;;;;;;;;;;;;;;;;;;;;;;
;;;;;;;;;;;;;;;;;;;;;;;;;;;;;;;;;;;;;;;;;;;;
;;;;;;;;;;;;;;;;;;;;;;;;;;;;;;;;;;;;;;;;;;;;
;;;;;;;;;;;;;;;;;;;;;;;;;;;;;;;;;;;;;;;;;;;;
;;;;;;;;;;;;;;;;;;;;;;;;;;;;;;;;;;;;;;;;;;;;
;;;;;;;;;;;;;;;;;;;;;;;;;;;;;;;;;;;;;;;;;;;;
;;;;;;;;;;;;;;;;;;;;;;;;;;;;;;;;;;;;;;;;;;;;
;;;;;;;;;;;;;;;;;;;;;;;;;;;;;;;;;;;;;;;;;;;;
;;;;;;;;;;;;;;;;;;;;;;;;;;;;;;;;;;;;;;;;;;;;
;;;;;;;;;;;;;;;;;;;;;;;;;;;;;;;;;;;;;;;;;;;;
;;;;;;;;;;;;;;;;;;;;;;;;;;;;;;;;;;;;;;;;;;;;
;;;;;;;;;;;;;;;;;;;;;;;;;;;;;;;;;;;;;;;;;;;;
;;;;;;;;;;;;;;;;;;;;;;;;;;;;;;;;;;;;;;;;;;;;
;;;;;;;;;;;;;;;;;;;;;;;;;;;;;;;;;;;;;;;;;;;;
;;;;;;;;;;;;;;;;;;;;;;;;;;;;;;;;;;;;;;;;;;;;
;;;;;;;;;;;;;;;;;;;;;;;;;;;;;;;;;;;;;;;;;;;;
;;;;;;;;;;;;;;;;;;;;;;;;;;;;;;;;;;;;;;;;;;;;
;;;;;;;;;;;;;;;;;;;;;;;;;;;;;;;;;;;;;;;;;;;;
;;;;;;;;;;;;;;;;;;;;;;;;;;;;;;;;;;;;;;;;;;;;
;;;;;;;;;;;;;;;;;;;;;;;;;;;;;;;;;;;;;;;;;;;;
;;;;;;;;;;;;;;;;;;;;;;;;;;;;;;;;;;;;;;;;;;;;
;;;;;;;;;;;;;;;;;;;;;;;;;;;;;;;;;;;;;;;;;;;;
;;;;;;;;;;;;;;;;;;;;;;;;;;;;;;;;;;;;;;;;;;;;
;;;;;;;;;;;;;;;;;;;;;;;;;;;;;;;;;;;;;;;;;;;;
;;;;;;;;;;;;;;;;;;;;;;;;;;;;;;;;;;;;;;;;;;;;
;;;;;;;;;;;;;;;;;;;;;;;;;;;;;;;;;;;;;;;;;;;;
;;;;;;;;;;;;;;;;;;;;;;;;;;;;;;;;;;;;;;;;;;;;
;;;;;;;;;;;;;;;;;;;;;;;;;;;;;;;;;;;;;;;;;;;;
;;;;;;;;;;;;;;;;;;;;;;;;;;;;;;;;;;;;;;;;;;;;
;;;;;;;;;;;;;;;;;;;;;;;;;;;;;;;;;;;;;;;;;;;;
;;;;;;;;;;;;;;;;;;;;;;;;;;;;;;;;;;;;;;;;;;;;
;;;;;;;;;;;;;;;;;;;;;;;;;;;;;;;;;;;;;;;;;;;;
;;;;;;;;;;;;;;;;;;;;;;;;;;;;;;;;;;;;;;;;;;;;
;;;;;;;;;;;;;;;;;;;;;;;;;;;;;;;;;;;;;;;;;;;;
;;;;;;;;;;;;;;;;;;;;;;;;;;;;;;;;;;;;;;;;;;;;
;;;;;;;;;;;;;;;;;;;;;;;;;;;;;;;;;;;;;;;;;;;;
;;;;;;;;;;;;;;;;;;;;;;;;;;;;;;;;;;;;;;;;;;;;
;;;;;;;;;;;;;;;;;;;;;;;;;;;;;;;;;;;;;;;;;;;;
;;;;;;;;;;;;;;;;;;;;;;;;;;;;;;;;;;;;;;;;;;;;
;;;;;;;;;;;;;;;;;;;;;;;;;;;;;;;;;;;;;;;;;;;;
;;;;;;;;;;;;;;;;;;;;;;;;;;;;;;;;;;;;;;;;;;;;
;;;;;;;;;;;;;;;;;;;;;;;;;;;;;;;;;;;;;;;;;;;;
;;;;;;;;;;;;;;;;;;;;;;;;;;;;;;;;;;;;;;;;;;;;
;;;;;;;;;;;;;;;;;;;;;;;;;;;;;;;;;;;;;;;;;;;;
;;;;;;;;;;;;;;;;;;;;;;;;;;;;;;;;;;;;;;;;;;;;
;;;;;;;;;;;;;;;;;;;;;;;;;;;;;;;;;;;;;;;;;;;;
;;;;;;;;;;;;;;;;;;;;;;;;;;;;;;;;;;;;;;;;;;;;
;;;;;;;;;;;;;;;;;;;;;;;;;;;;;;;;;;;;;;;;;;;;
;;;;;;;;;;;;;;;;;;;;;;;;;;;;;;;;;;;;;;;;;;;;
;;;;;;;;;;;;;;;;;;;;;;;;;;;;;;;;;;;;;;;;;;;;
;;;;;;;;;;;;;;;;;;;;;;;;;;;;;;;;;;;;;;;;;;;;
;;;;;;;;;;;;;;;;;;;;;;;;;;;;;;;;;;;;;;;;;;;;
;;;;;;;;;;;;;;;;;;;;;;;;;;;;;;;;;;;;;;;;;;;;
;;;;;;;;;;;;;;;;;;;;;;;;;;;;;;;;;;;;;;;;;;;;
;;;;;;;;;;;;;;;;;;;;;;;;;;;;;;;;;;;;;;;;;;;;
;;;;;;;;;;;;;;;;;;;;;;;;;;;;;;;;;;;;;;;;;;;;
;;;;;;;;;;;;;;;;;;;;;;;;;;;;;;;;;;;;;;;;;;;;
;;;;;;;;;;;;;;;;;;;;;;;;;;;;;;;;;;;;;;;;;;;;
;;;;;;;;;;;;;;;;;;;;;;;;;;;;;;;;;;;;;;;;;;;;
;;;;;;;;;;;;;;;;;;;;;;;;;;;;;;;;;;;;;;;;;;;;
;;;;;;;;;;;;;;;;;;;;;;;;;;;;;;;;;;;;;;;;;;;;
;;;;;;;;;;;;;;;;;;;;;;;;;;;;;;;;;;;;;;;;;;;;
;;;;;;;;;;;;;;;;;;;;;;;;;;;;;;;;;;;;;;;;;;;;
;;;;;;;;;;;;;;;;;;;;;;;;;;;;;;;;;;;;;;;;;;;;
;;;;;;;;;;;;;;;;;;;;;;;;;;;;;;;;;;;;;;;;;;;;
;;;;;;;;;;;;;;;;;;;;;;;;;;;;;;;;;;;;;;;;;;;;
;;;;;;;;;;;;;;;;;;;;;;;;;;;;;;;;;;;;;;;;;;;;
;;;;;;;;;;;;;;;;;;;;;;;;;;;;;;;;;;;;;;;;;;;;
;;;;;;;;;;;;;;;;;;;;;;;;;;;;;;;;;;;;;;;;;;;;
;;;;;;;;;;;;;;;;;;;;;;;;;;;;;;;;;;;;;;;;;;;;
;;;;;;;;;;;;;;;;;;;;;;;;;;;;;;;;;;;;;;;;;;;;
;;;;;;;;;;;;;;;;;;;;;;;;;;;;;;;;;;;;;;;;;;;;
;;;;;;;;;;;;;;;;;;;;;;;;;;;;;;;;;;;;;;;;;;;;
;;;;;;;;;;;;;;;;;;;;;;;;;;;;;;;;;;;;;;;;;;;;
;;;;;;;;;;;;;;;;;;;;;;;;;;;;;;;;;;;;;;;;;;;;
;;;;;;;;;;;;;;;;;;;;;;;;;;;;;;;;;;;;;;;;;;;;
;;;;;;;;;;;;;;;;;;;;;;;;;;;;;;;;;;;;;;;;;;;;
;;;;;;;;;;;;;;;;;;;;;;;;;;;;;;;;;;;;;;;;;;;;
;;;;;;;;;;;;;;;;;;;;;;;;;;;;;;;;;;;;;;;;;;;;
;;;;;;;;;;;;;;;;;;;;;;;;;;;;;;;;;;;;;;;;;;;;
;;;;;;;;;;;;;;;;;;;;;;;;;;;;;;;;;;;;;;;;;;;;
;;;;;;;;;;;;;;;;;;;;;;;;;;;;;;;;;;;;;;;;;;;;
;;;;;;;;;;;;;;;;;;;;;;;;;;;;;;;;;;;;;;;;;;;;
;;;;;;;;;;;;;;;;;;;;;;;;;;;;;;;;;;;;;;;;;;;;
;;;;;;;;;;;;;;;;;;;;;;;;;;;;;;;;;;;;;;;;;;;;
;;;;;;;;;;;;;;;;;;;;;;;;;;;;;;;;;;;;;;;;;;;;
;;;;;;;;;;;;;;;;;;;;;;;;;;;;;;;;;;;;;;;;;;;;
;;;;;;;;;;;;;;;;;;;;;;;;;;;;;;;;;;;;;;;;;;;;
;;;;;;;;;;;;;;;;;;;;;;;;;;;;;;;;;;;;;;;;;;;;
;;;;;;;;;;;;;;;;;;;;;;;;;;;;;;;;;;;;;;;;;;;;
;;;;;;;;;;;;;;;;;;;;;;;;;;;;;;;;;;;;;;;;;;;;
;;;;;;;;;;;;;;;;;;;;;;;;;;;;;;;;;;;;;;;;;;;;
;;;;;;;;;;;;;;;;;;;;;;;;;;;;;;;;;;;;;;;;;;;;
;;;;;;;;;;;;;;;;;;;;;;;;;;;;;;;;;;;;;;;;;;;;
;;;;;;;;;;;;;;;;;;;;;;;;;;;;;;;;;;;;;;;;;;;;
;;;;;;;;;;;;;;;;;;;;;;;;;;;;;;;;;;;;;;;;;;;;
;;;;;;;;;;;;;;;;;;;;;;;;;;;;;;;;;;;;;;;;;;;;
;;;;;;;;;;;;;;;;;;;;;;;;;;;;;;;;;;;;;;;;;;;;
;;;;;;;;;;;;;;;;;;;;;;;;;;;;;;;;;;;;;;;;;;;;
;;;;;;;;;;;;;;;;;;;;;;;;;;;;;;;;;;;;;;;;;;;;
;;;;;;;;;;;;;;;;;;;;;;;;;;;;;;;;;;;;;;;;;;;;
;;;;;;;;;;;;;;;;;;;;;;;;;;;;;;;;;;;;;;;;;;;;
;;;;;;;;;;;;;;;;;;;;;;;;;;;;;;;;;;;;;;;;;;;;
;;;;;;;;;;;;;;;;;;;;;;;;;;;;;;;;;;;;;;;;;;;;
;;;;;;;;;;;;;;;;;;;;;;;;;;;;;;;;;;;;;;;;;;;;
;;;;;;;;;;;;;;;;;;;;;;;;;;;;;;;;;;;;;;;;;;;;
;;;;;;;;;;;;;;;;;;;;;;;;;;;;;;;;;;;;;;;;;;;;
;;;;;;;;;;;;;;;;;;;;;;;;;;;;;;;;;;;;;;;;;;;;
;;;;;;;;;;;;;;;;;;;;;;;;;;;;;;;;;;;;;;;;;;;;
;;;;;;;;;;;;;;;;;;;;;;;;;;;;;;;;;;;;;;;;;;;;
;;;;;;;;;;;;;;;;;;;;;;;;;;;;;;;;;;;;;;;;;;;;
;;;;;;;;;;;;;;;;;;;;;;;;;;;;;;;;;;;;;;;;;;;;
;;;;;;;;;;;;;;;;;;;;;;;;;;;;;;;;;;;;;;;;;;;;
;;;;;;;;;;;;;;;;;;;;;;;;;;;;;;;;;;;;;;;;;;;;
;;;;;;;;;;;;;;;;;;;;;;;;;;;;;;;;;;;;;;;;;;;;
;;;;;;;;;;;;;;;;;;;;;;;;;;;;;;;;;;;;;;;;;;;;
;;;;;;;;;;;;;;;;;;;;;;;;;;;;;;;;;;;;;;;;;;;;
;;;;;;;;;;;;;;;;;;;;;;;;;;;;;;;;;;;;;;;;;;;;
;;;;;;;;;;;;;;;;;;;;;;;;;;;;;;;;;;;;;;;;;;;;
;;;;;;;;;;;;;;;;;;;;;;;;;;;;;;;;;;;;;;;;;;;;
;;;;;;;;;;;;;;;;;;;;;;;;;;;;;;;;;;;;;;;;;;;;
;;;;;;;;;;;;;;;;;;;;;;;;;;;;;;;;;;;;;;;;;;;;
;;;;;;;;;;;;;;;;;;;;;;;;;;;;;;;;;;;;;;;;;;;;
;;;;;;;;;;;;;;;;;;;;;;;;;;;;;;;;;;;;;;;;;;;;
;;;;;;;;;;;;;;;;;;;;;;;;;;;;;;;;;;;;;;;;;;;;
;;;;;;;;;;;;;;;;;;;;;;;;;;;;;;;;;;;;;;;;;;;;
;;;;;;;;;;;;;;;;;;;;;;;;;;;;;;;;;;;;;;;;;;;;
;;;;;;;;;;;;;;;;;;;;;;;;;;;;;;;;;;;;;;;;;;;;
;;;;;;;;;;;;;;;;;;;;;;;;;;;;;;;;;;;;;;;;;;;;
;;;;;;;;;;;;;;;;;;;;;;;;;;;;;;;;;;;;;;;;;;;;
;;;;;;;;;;;;;;;;;;;;;;;;;;;;;;;;;;;;;;;;;;;;
;;;;;;;;;;;;;;;;;;;;;;;;;;;;;;;;;;;;;;;;;;;;
;;;;;;;;;;;;;;;;;;;;;;;;;;;;;;;;;;;;;;;;;;;;
;;;;;;;;;;;;;;;;;;;;;;;;;;;;;;;;;;;;;;;;;;;;
;;;;;;;;;;;;;;;;;;;;;;;;;;;;;;;;;;;;;;;;;;;;
;;;;;;;;;;;;;;;;;;;;;;;;;;;;;;;;;;;;;;;;;;;;
;;;;;;;;;;;;;;;;;;;;;;;;;;;;;;;;;;;;;;;;;;;;
;;;;;;;;;;;;;;;;;;;;;;;;;;;;;;;;;;;;;;;;;;;;
;;;;;;;;;;;;;;;;;;;;;;;;;;;;;;;;;;;;;;;;;;;;
;;;;;;;;;;;;;;;;;;;;;;;;;;;;;;;;;;;;;;;;;;;;
;;;;;;;;;;;;;;;;;;;;;;;;;;;;;;;;;;;;;;;;;;;;
;;;;;;;;;;;;;;;;;;;;;;;;;;;;;;;;;;;;;;;;;;;;
;;;;;;;;;;;;;;;;;;;;;;;;;;;;;;;;;;;;;;;;;;;;
;;;;;;;;;;;;;;;;;;;;;;;;;;;;;;;;;;;;;;;;;;;;
;;;;;;;;;;;;;;;;;;;;;;;;;;;;;;;;;;;;;;;;;;;;
;;;;;;;;;;;;;;;;;;;;;;;;;;;;;;;;;;;;;;;;;;;;
;;;;;;;;;;;;;;;;;;;;;;;;;;;;;;;;;;;;;;;;;;;;
;;;;;;;;;;;;;;;;;;;;;;;;;;;;;;;;;;;;;;;;;;;;
;;;;;;;;;;;;;;;;;;;;;;;;;;;;;;;;;;;;;;;;;;;;
;;;;;;;;;;;;;;;;;;;;;;;;;;;;;;;;;;;;;;;;;;;;
;;;;;;;;;;;;;;;;;;;;;;;;;;;;;;;;;;;;;;;;;;;;
;;;;;;;;;;;;;;;;;;;;;;;;;;;;;;;;;;;;;;;;;;;;
;;;;;;;;;;;;;;;;;;;;;;;;;;;;;;;;;;;;;;;;;;;;
;;;;;;;;;;;;;;;;;;;;;;;;;;;;;;;;;;;;;;;;;;;;
;;;;;;;;;;;;;;;;;;;;;;;;;;;;;;;;;;;;;;;;;;;;
;;;;;;;;;;;;;;;;;;;;;;;;;;;;;;;;;;;;;;;;;;;;
;;;;;;;;;;;;;;;;;;;;;;;;;;;;;;;;;;;;;;;;;;;;
;;;;;;;;;;;;;;;;;;;;;;;;;;;;;;;;;;;;;;;;;;;;
;;;;;;;;;;;;;;;;;;;;;;;;;;;;;;;;;;;;;;;;;;;;
;;;;;;;;;;;;;;;;;;;;;;;;;;;;;;;;;;;;;;;;;;;;
;;;;;;;;;;;;;;;;;;;;;;;;;;;;;;;;;;;;;;;;;;;;
;;;;;;;;;;;;;;;;;;;;;;;;;;;;;;;;;;;;;;;;;;;;
;;;;;;;;;;;;;;;;;;;;;;;;;;;;;;;;;;;;;;;;;;;;
;;;;;;;;;;;;;;;;;;;;;;;;;;;;;;;;;;;;;;;;;;;;
;;;;;;;;;;;;;;;;;;;;;;;;;;;;;;;;;;;;;;;;;;;;
;;;;;;;;;;;;;;;;;;;;;;;;;;;;;;;;;;;;;;;;;;;;
;;;;;;;;;;;;;;;;;;;;;;;;;;;;;;;;;;;;;;;;;;;;
;;;;;;;;;;;;;;;;;;;;;;;;;;;;;;;;;;;;;;;;;;;;
;;;;;;;;;;;;;;;;;;;;;;;;;;;;;;;;;;;;;;;;;;;;
;;;;;;;;;;;;;;;;;;;;;;;;;;;;;;;;;;;;;;;;;;;;
;;;;;;;;;;;;;;;;;;;;;;;;;;;;;;;;;;;;;;;;;;;;
;;;;;;;;;;;;;;;;;;;;;;;;;;;;;;;;;;;;;;;;;;;;
;;;;;;;;;;;;;;;;;;;;;;;;;;;;;;;;;;;;;;;;;;;;
;;;;;;;;;;;;;;;;;;;;;;;;;;;;;;;;;;;;;;;;;;;;
;;;;;;;;;;;;;;;;;;;;;;;;;;;;;;;;;;;;;;;;;;;;
;;;;;;;;;;;;;;;;;;;;;;;;;;;;;;;;;;;;;;;;;;;;
;;;;;;;;;;;;;;;;;;;;;;;;;;;;;;;;;;;;;;;;;;;;
;;;;;;;;;;;;;;;;;;;;;;;;;;;;;;;;;;;;;;;;;;;;
;;;;;;;;;;;;;;;;;;;;;;;;;;;;;;;;;;;;;;;;;;;;
;;;;;;;;;;;;;;;;;;;;;;;;;;;;;;;;;;;;;;;;;;;;
;;;;;;;;;;;;;;;;;;;;;;;;;;;;;;;;;;;;;;;;;;;;
;;;;;;;;;;;;;;;;;;;;;;;;;;;;;;;;;;;;;;;;;;;;
;;;;;;;;;;;;;;;;;;;;;;;;;;;;;;;;;;;;;;;;;;;;
;;;;;;;;;;;;;;;;;;;;;;;;;;;;;;;;;;;;;;;;;;;;
;;;;;;;;;;;;;;;;;;;;;;;;;;;;;;;;;;;;;;;;;;;;
;;;;;;;;;;;;;;;;;;;;;;;;;;;;;;;;;;;;;;;;;;;;
;;;;;;;;;;;;;;;;;;;;;;;;;;;;;;;;;;;;;;;;;;;;
;;;;;;;;;;;;;;;;;;;;;;;;;;;;;;;;;;;;;;;;;;;;
;;;;;;;;;;;;;;;;;;;;;;;;;;;;;;;;;;;;;;;;;;;;
;;;;;;;;;;;;;;;;;;;;;;;;;;;;;;;;;;;;;;;;;;;;
;;;;;;;;;;;;;;;;;;;;;;;;;;;;;;;;;;;;;;;;;;;;
;;;;;;;;;;;;;;;;;;;;;;;;;;;;;;;;;;;;;;;;;;;;
;;;;;;;;;;;;;;;;;;;;;;;;;;;;;;;;;;;;;;;;;;;;
;;;;;;;;;;;;;;;;;;;;;;;;;;;;;;;;;;;;;;;;;;;;
;;;;;;;;;;;;;;;;;;;;;;;;;;;;;;;;;;;;;;;;;;;;
;;;;;;;;;;;;;;;;;;;;;;;;;;;;;;;;;;;;;;;;;;;;
;;;;;;;;;;;;;;;;;;;;;;;;;;;;;;;;;;;;;;;;;;;;
;;;;;;;;;;;;;;;;;;;;;;;;;;;;;;;;;;;;;;;;;;;;
;;;;;;;;;;;;;;;;;;;;;;;;;;;;;;;;;;;;;;;;;;;;
;;;;;;;;;;;;;;;;;;;;;;;;;;;;;;;;;;;;;;;;;;;;
;;;;;;;;;;;;;;;;;;;;;;;;;;;;;;;;;;;;;;;;;;;;
;;;;;;;;;;;;;;;;;;;;;;;;;;;;;;;;;;;;;;;;;;;;
;;;;;;;;;;;;;;;;;;;;;;;;;;;;;;;;;;;;;;;;;;;;
;;;;;;;;;;;;;;;;;;;;;;;;;;;;;;;;;;;;;;;;;;;;
;;;;;;;;;;;;;;;;;;;;;;;;;;;;;;;;;;;;;;;;;;;;
;;;;;;;;;;;;;;;;;;;;;;;;;;;;;;;;;;;;;;;;;;;;
;;;;;;;;;;;;;;;;;;;;;;;;;;;;;;;;;;;;;;;;;;;;
;;;;;;;;;;;;;;;;;;;;;;;;;;;;;;;;;;;;;;;;;;;;
;;;;;;;;;;;;;;;;;;;;;;;;;;;;;;;;;;;;;;;;;;;;
;;;;;;;;;;;;;;;;;;;;;;;;;;;;;;;;;;;;;;;;;;;;
;;;;;;;;;;;;;;;;;;;;;;;;;;;;;;;;;;;;;;;;;;;;
;;;;;;;;;;;;;;;;;;;;;;;;;;;;;;;;;;;;;;;;;;;;
;;;;;;;;;;;;;;;;;;;;;;;;;;;;;;;;;;;;;;;;;;;;
;;;;;;;;;;;;;;;;;;;;;;;;;;;;;;;;;;;;;;;;;;;;
;;;;;;;;;;;;;;;;;;;;;;;;;;;;;;;;;;;;;;;;;;;;
;;;;;;;;;;;;;;;;;;;;;;;;;;;;;;;;;;;;;;;;;;;;
;;;;;;;;;;;;;;;;;;;;;;;;;;;;;;;;;;;;;;;;;;;;
;;;;;;;;;;;;;;;;;;;;;;;;;;;;;;;;;;;;;;;;;;;;
;;;;;;;;;;;;;;;;;;;;;;;;;;;;;;;;;;;;;;;;;;;;
;;;;;;;;;;;;;;;;;;;;;;;;;;;;;;;;;;;;;;;;;;;;
;;;;;;;;;;;;;;;;;;;;;;;;;;;;;;;;;;;;;;;;;;;;
;;;;;;;;;;;;;;;;;;;;;;;;;;;;;;;;;;;;;;;;;;;;
;;;;;;;;;;;;;;;;;;;;;;;;;;;;;;;;;;;;;;;;;;;;
;;;;;;;;;;;;;;;;;;;;;;;;;;;;;;;;;;;;;;;;;;;;
;;;;;;;;;;;;;;;;;;;;;;;;;;;;;;;;;;;;;;;;;;;;
;;;;;;;;;;;;;;;;;;;;;;;;;;;;;;;;;;;;;;;;;;;;
;;;;;;;;;;;;;;;;;;;;;;;;;;;;;;;;;;;;;;;;;;;;
;;;;;;;;;;;;;;;;;;;;;;;;;;;;;;;;;;;;;;;;;;;;
;;;;;;;;;;;;;;;;;;;;;;;;;;;;;;;;;;;;;;;;;;;;
;;;;;;;;;;;;;;;;;;;;;;;;;;;;;;;;;;;;;;;;;;;;
;;;;;;;;;;;;;;;;;;;;;;;;;;;;;;;;;;;;;;;;;;;;
;;;;;;;;;;;;;;;;;;;;;;;;;;;;;;;;;;;;;;;;;;;;
;;;;;;;;;;;;;;;;;;;;;;;;;;;;;;;;;;;;;;;;;;;;
;;;;;;;;;;;;;;;;;;;;;;;;;;;;;;;;;;;;;;;;;;;;
;;;;;;;;;;;;;;;;;;;;;;;;;;;;;;;;;;;;;;;;;;;;
;;;;;;;;;;;;;;;;;;;;;;;;;;;;;;;;;;;;;;;;;;;;
;;;;;;;;;;;;;;;;;;;;;;;;;;;;;;;;;;;;;;;;;;;;
;;;;;;;;;;;;;;;;;;;;;;;;;;;;;;;;;;;;;;;;;;;;
;;;;;;;;;;;;;;;;;;;;;;;;;;;;;;;;;;;;;;;;;;;;
;;;;;;;;;;;;;;;;;;;;;;;;;;;;;;;;;;;;;;;;;;;;
;;;;;;;;;;;;;;;;;;;;;;;;;;;;;;;;;;;;;;;;;;;;
;;;;;;;;;;;;;;;;;;;;;;;;;;;;;;;;;;;;;;;;;;;;
;;;;;;;;;;;;;;;;;;;;;;;;;;;;;;;;;;;;;;;;;;;;
;;;;;;;;;;;;;;;;;;;;;;;;;;;;;;;;;;;;;;;;;;;;
;;;;;;;;;;;;;;;;;;;;;;;;;;;;;;;;;;;;;;;;;;;;
;;;;;;;;;;;;;;;;;;;;;;;;;;;;;;;;;;;;;;;;;;;;
;;;;;;;;;;;;;;;;;;;;;;;;;;;;;;;;;;;;;;;;;;;;
;;;;;;;;;;;;;;;;;;;;;;;;;;;;;;;;;;;;;;;;;;;;
;;;;;;;;;;;;;;;;;;;;;;;;;;;;;;;;;;;;;;;;;;;;
;;;;;;;;;;;;;;;;;;;;;;;;;;;;;;;;;;;;;;;;;;;;
;;;;;;;;;;;;;;;;;;;;;;;;;;;;;;;;;;;;;;;;;;;;
;;;;;;;;;;;;;;;;;;;;;;;;;;;;;;;;;;;;;;;;;;;;
;;;;;;;;;;;;;;;;;;;;;;;;;;;;;;;;;;;;;;;;;;;;
;;;;;;;;;;;;;;;;;;;;;;;;;;;;;;;;;;;;;;;;;;;;
;;;;;;;;;;;;;;;;;;;;;;;;;;;;;;;;;;;;;;;;;;;;
;;;;;;;;;;;;;;;;;;;;;;;;;;;;;;;;;;;;;;;;;;;;
;;;;;;;;;;;;;;;;;;;;;;;;;;;;;;;;;;;;;;;;;;;;
;;;;;;;;;;;;;;;;;;;;;;;;;;;;;;;;;;;;;;;;;;;;
;;;;;;;;;;;;;;;;;;;;;;;;;;;;;;;;;;;;;;;;;;;;
;;;;;;;;;;;;;;;;;;;;;;;;;;;;;;;;;;;;;;;;;;;;
;;;;;;;;;;;;;;;;;;;;;;;;;;;;;;;;;;;;;;;;;;;;
;;;;;;;;;;;;;;;;;;;;;;;;;;;;;;;;;;;;;;;;;;;;
;;;;;;;;;;;;;;;;;;;;;;;;;;;;;;;;;;;;;;;;;;;;
;;;;;;;;;;;;;;;;;;;;;;;;;;;;;;;;;;;;;;;;;;;;
;;;;;;;;;;;;;;;;;;;;;;;;;;;;;;;;;;;;;;;;;;;;
;;;;;;;;;;;;;;;;;;;;;;;;;;;;;;;;;;;;;;;;;;;;
;;;;;;;;;;;;;;;;;;;;;;;;;;;;;;;;;;;;;;;;;;;;
;;;;;;;;;;;;;;;;;;;;;;;;;;;;;;;;;;;;;;;;;;;;
;;;;;;;;;;;;;;;;;;;;;;;;;;;;;;;;;;;;;;;;;;;;
;;;;;;;;;;;;;;;;;;;;;;;;;;;;;;;;;;;;;;;;;;;;
;;;;;;;;;;;;;;;;;;;;;;;;;;;;;;;;;;;;;;;;;;;;
;;;;;;;;;;;;;;;;;;;;;;;;;;;;;;;;;;;;;;;;;;;;
;;;;;;;;;;;;;;;;;;;;;;;;;;;;;;;;;;;;;;;;;;;;
;;;;;;;;;;;;;;;;;;;;;;;;;;;;;;;;;;;;;;;;;;;;
;;;;;;;;;;;;;;;;;;;;;;;;;;;;;;;;;;;;;;;;;;;;
;;;;;;;;;;;;;;;;;;;;;;;;;;;;;;;;;;;;;;;;;;;;
;;;;;;;;;;;;;;;;;;;;;;;;;;;;;;;;;;;;;;;;;;;;
;;;;;;;;;;;;;;;;;;;;;;;;;;;;;;;;;;;;;;;;;;;;
;;;;;;;;;;;;;;;;;;;;;;;;;;;;;;;;;;;;;;;;;;;;
;;;;;;;;;;;;;;;;;;;;;;;;;;;;;;;;;;;;;;;;;;;;
;;;;;;;;;;;;;;;;;;;;;;;;;;;;;;;;;;;;;;;;;;;;
;;;;;;;;;;;;;;;;;;;;;;;;;;;;;;;;;;;;;;;;;;;;
;;;;;;;;;;;;;;;;;;;;;;;;;;;;;;;;;;;;;;;;;;;;
;;;;;;;;;;;;;;;;;;;;;;;;;;;;;;;;;;;;;;;;;;;;
;;;;;;;;;;;;;;;;;;;;;;;;;;;;;;;;;;;;;;;;;;;;
;;;;;;;;;;;;;;;;;;;;;;;;;;;;;;;;;;;;;;;;;;;;
;;;;;;;;;;;;;;;;;;;;;;;;;;;;;;;;;;;;;;;;;;;;
;;;;;;;;;;;;;;;;;;;;;;;;;;;;;;;;;;;;;;;;;;;;
;;;;;;;;;;;;;;;;;;;;;;;;;;;;;;;;;;;;;;;;;;;;
;;;;;;;;;;;;;;;;;;;;;;;;;;;;;;;;;;;;;;;;;;;;
;;;;;;;;;;;;;;;;;;;;;;;;;;;;;;;;;;;;;;;;;;;;
;;;;;;;;;;;;;;;;;;;;;;;;;;;;;;;;;;;;;;;;;;;;
;;;;;;;;;;;;;;;;;;;;;;;;;;;;;;;;;;;;;;;;;;;;
;;;;;;;;;;;;;;;;;;;;;;;;;;;;;;;;;;;;;;;;;;;;
;;;;;;;;;;;;;;;;;;;;;;;;;;;;;;;;;;;;;;;;;;;;
;;;;;;;;;;;;;;;;;;;;;;;;;;;;;;;;;;;;;;;;;;;;
;;;;;;;;;;;;;;;;;;;;;;;;;;;;;;;;;;;;;;;;;;;;
;;;;;;;;;;;;;;;;;;;;;;;;;;;;;;;;;;;;;;;;;;;;
;;;;;;;;;;;;;;;;;;;;;;;;;;;;;;;;;;;;;;;;;;;;
;;;;;;;;;;;;;;;;;;;;;;;;;;;;;;;;;;;;;;;;;;;;
;;;;;;;;;;;;;;;;;;;;;;;;;;;;;;;;;;;;;;;;;;;;
;;;;;;;;;;;;;;;;;;;;;;;;;;;;;;;;;;;;;;;;;;;;
;;;;;;;;;;;;;;;;;;;;;;;;;;;;;;;;;;;;;;;;;;;;
;;;;;;;;;;;;;;;;;;;;;;;;;;;;;;;;;;;;;;;;;;;;
;;;;;;;;;;;;;;;;;;;;;;;;;;;;;;;;;;;;;;;;;;;;
;;;;;;;;;;;;;;;;;;;;;;;;;;;;;;;;;;;;;;;;;;;;
;;;;;;;;;;;;;;;;;;;;;;;;;;;;;;;;;;;;;;;;;;;;
;;;;;;;;;;;;;;;;;;;;;;;;;;;;;;;;;;;;;;;;;;;;
;;;;;;;;;;;;;;;;;;;;;;;;;;;;;;;;;;;;;;;;;;;;
;;;;;;;;;;;;;;;;;;;;;;;;;;;;;;;;;;;;;;;;;;;;
;;;;;;;;;;;;;;;;;;;;;;;;;;;;;;;;;;;;;;;;;;;;
;;;;;;;;;;;;;;;;;;;;;;;;;;;;;;;;;;;;;;;;;;;;
;;;;;;;;;;;;;;;;;;;;;;;;;;;;;;;;;;;;;;;;;;;;
;;;;;;;;;;;;;;;;;;;;;;;;;;;;;;;;;;;;;;;;;;;;
;;;;;;;;;;;;;;;;;;;;;;;;;;;;;;;;;;;;;;;;;;;;
;;;;;;;;;;;;;;;;;;;;;;;;;;;;;;;;;;;;;;;;;;;;
;;;;;;;;;;;;;;;;;;;;;;;;;;;;;;;;;;;;;;;;;;;;
;;;;;;;;;;;;;;;;;;;;;;;;;;;;;;;;;;;;;;;;;;;;
;;;;;;;;;;;;;;;;;;;;;;;;;;;;;;;;;;;;;;;;;;;;
;;;;;;;;;;;;;;;;;;;;;;;;;;;;;;;;;;;;;;;;;;;;
;;;;;;;;;;;;;;;;;;;;;;;;;;;;;;;;;;;;;;;;;;;;
;;;;;;;;;;;;;;;;;;;;;;;;;;;;;;;;;;;;;;;;;;;;
;;;;;;;;;;;;;;;;;;;;;;;;;;;;;;;;;;;;;;;;;;;;
;;;;;;;;;;;;;;;;;;;;;;;;;;;;;;;;;;;;;;;;;;;;
;;;;;;;;;;;;;;;;;;;;;;;;;;;;;;;;;;;;;;;;;;;;
;;;;;;;;;;;;;;;;;;;;;;;;;;;;;;;;;;;;;;;;;;;;
;;;;;;;;;;;;;;;;;;;;;;;;;;;;;;;;;;;;;;;;;;;;
;;;;;;;;;;;;;;;;;;;;;;;;;;;;;;;;;;;;;;;;;;;;
;;;;;;;;;;;;;;;;;;;;;;;;;;;;;;;;;;;;;;;;;;;;
;;;;;;;;;;;;;;;;;;;;;;;;;;;;;;;;;;;;;;;;;;;;
;;;;;;;;;;;;;;;;;;;;;;;;;;;;;;;;;;;;;;;;;;;;
;;;;;;;;;;;;;;;;;;;;;;;;;;;;;;;;;;;;;;;;;;;;
;;;;;;;;;;;;;;;;;;;;;;;;;;;;;;;;;;;;;;;;;;;;
;;;;;;;;;;;;;;;;;;;;;;;;;;;;;;;;;;;;;;;;;;;;
;;;;;;;;;;;;;;;;;;;;;;;;;;;;;;;;;;;;;;;;;;;;
;;;;;;;;;;;;;;;;;;;;;;;;;;;;;;;;;;;;;;;;;;;;
;;;;;;;;;;;;;;;;;;;;;;;;;;;;;;;;;;;;;;;;;;;;
;;;;;;;;;;;;;;;;;;;;;;;;;;;;;;;;;;;;;;;;;;;;
;;;;;;;;;;;;;;;;;;;;;;;;;;;;;;;;;;;;;;;;;;;;
;;;;;;;;;;;;;;;;;;;;;;;;;;;;;;;;;;;;;;;;;;;;
;;;;;;;;;;;;;;;;;;;;;;;;;;;;;;;;;;;;;;;;;;;;
;;;;;;;;;;;;;;;;;;;;;;;;;;;;;;;;;;;;;;;;;;;;
;;;;;;;;;;;;;;;;;;;;;;;;;;;;;;;;;;;;;;;;;;;;
;;;;;;;;;;;;;;;;;;;;;;;;;;;;;;;;;;;;;;;;;;;;
;;;;;;;;;;;;;;;;;;;;;;;;;;;;;;;;;;;;;;;;;;;;
;;;;;;;;;;;;;;;;;;;;;;;;;;;;;;;;;;;;;;;;;;;;
;;;;;;;;;;;;;;;;;;;;;;;;;;;;;;;;;;;;;;;;;;;;
;;;;;;;;;;;;;;;;;;;;;;;;;;;;;;;;;;;;;;;;;;;;
;;;;;;;;;;;;;;;;;;;;;;;;;;;;;;;;;;;;;;;;;;;;
;;;;;;;;;;;;;;;;;;;;;;;;;;;;;;;;;;;;;;;;;;;;
;;;;;;;;;;;;;;;;;;;;;;;;;;;;;;;;;;;;;;;;;;;;
;;;;;;;;;;;;;;;;;;;;;;;;;;;;;;;;;;;;;;;;;;;;
;;;;;;;;;;;;;;;;;;;;;;;;;;;;;;;;;;;;;;;;;;;;
;;;;;;;;;;;;;;;;;;;;;;;;;;;;;;;;;;;;;;;;;;;;
;;;;;;;;;;;;;;;;;;;;;;;;;;;;;;;;;;;;;;;;;;;;
;;;;;;;;;;;;;;;;;;;;;;;;;;;;;;;;;;;;;;;;;;;;
;;;;;;;;;;;;;;;;;;;;;;;;;;;;;;;;;;;;;;;;;;;;
;;;;;;;;;;;;;;;;;;;;;;;;;;;;;;;;;;;;;;;;;;;;
;;;;;;;;;;;;;;;;;;;;;;;;;;;;;;;;;;;;;;;;;;;;
;;;;;;;;;;;;;;;;;;;;;;;;;;;;;;;;;;;;;;;;;;;;
;;;;;;;;;;;;;;;;;;;;;;;;;;;;;;;;;;;;;;;;;;;;
;;;;;;;;;;;;;;;;;;;;;;;;;;;;;;;;;;;;;;;;;;;;
;;;;;;;;;;;;;;;;;;;;;;;;;;;;;;;;;;;;;;;;;;;;
;;;;;;;;;;;;;;;;;;;;;;;;;;;;;;;;;;;;;;;;;;;;
;;;;;;;;;;;;;;;;;;;;;;;;;;;;;;;;;;;;;;;;;;;;
;;;;;;;;;;;;;;;;;;;;;;;;;;;;;;;;;;;;;;;;;;;;
;;;;;;;;;;;;;;;;;;;;;;;;;;;;;;;;;;;;;;;;;;;;
;;;;;;;;;;;;;;;;;;;;;;;;;;;;;;;;;;;;;;;;;;;;
;;;;;;;;;;;;;;;;;;;;;;;;;;;;;;;;;;;;;;;;;;;;
;;;;;;;;;;;;;;;;;;;;;;;;;;;;;;;;;;;;;;;;;;;;
;;;;;;;;;;;;;;;;;;;;;;;;;;;;;;;;;;;;;;;;;;;;
;;;;;;;;;;;;;;;;;;;;;;;;;;;;;;;;;;;;;;;;;;;;
;;;;;;;;;;;;;;;;;;;;;;;;;;;;;;;;;;;;;;;;;;;;
;;;;;;;;;;;;;;;;;;;;;;;;;;;;;;;;;;;;;;;;;;;;
;;;;;;;;;;;;;;;;;;;;;;;;;;;;;;;;;;;;;;;;;;;;
;;;;;;;;;;;;;;;;;;;;;;;;;;;;;;;;;;;;;;;;;;;;
;;;;;;;;;;;;;;;;;;;;;;;;;;;;;;;;;;;;;;;;;;;;
;;;;;;;;;;;;;;;;;;;;;;;;;;;;;;;;;;;;;;;;;;;;
;;;;;;;;;;;;;;;;;;;;;;;;;;;;;;;;;;;;;;;;;;;;
;;;;;;;;;;;;;;;;;;;;;;;;;;;;;;;;;;;;;;;;;;;;
;;;;;;;;;;;;;;;;;;;;;;;;;;;;;;;;;;;;;;;;;;;;
;;;;;;;;;;;;;;;;;;;;;;;;;;;;;;;;;;;;;;;;;;;;
;;;;;;;;;;;;;;;;;;;;;;;;;;;;;;;;;;;;;;;;;;;;
;;;;;;;;;;;;;;;;;;;;;;;;;;;;;;;;;;;;;;;;;;;;
;;;;;;;;;;;;;;;;;;;;;;;;;;;;;;;;;;;;;;;;;;;;
;;;;;;;;;;;;;;;;;;;;;;;;;;;;;;;;;;;;;;;;;;;;
;;;;;;;;;;;;;;;;;;;;;;;;;;;;;;;;;;;;;;;;;;;;
;;;;;;;;;;;;;;;;;;;;;;;;;;;;;;;;;;;;;;;;;;;;
;;;;;;;;;;;;;;;;;;;;;;;;;;;;;;;;;;;;;;;;;;;;
;;;;;;;;;;;;;;;;;;;;;;;;;;;;;;;;;;;;;;;;;;;;
;;;;;;;;;;;;;;;;;;;;;;;;;;;;;;;;;;;;;;;;;;;;
;;;;;;;;;;;;;;;;;;;;;;;;;;;;;;;;;;;;;;;;;;;;
;;;;;;;;;;;;;;;;;;;;;;;;;;;;;;;;;;;;;;;;;;;;
;;;;;;;;;;;;;;;;;;;;;;;;;;;;;;;;;;;;;;;;;;;;
;;;;;;;;;;;;;;;;;;;;;;;;;;;;;;;;;;;;;;;;;;;;
;;;;;;;;;;;;;;;;;;;;;;;;;;;;;;;;;;;;;;;;;;;;
;;;;;;;;;;;;;;;;;;;;;;;;;;;;;;;;;;;;;;;;;;;;
;;;;;;;;;;;;;;;;;;;;;;;;;;;;;;;;;;;;;;;;;;;;
;;;;;;;;;;;;;;;;;;;;;;;;;;;;;;;;;;;;;;;;;;;;
;;;;;;;;;;;;;;;;;;;;;;;;;;;;;;;;;;;;;;;;;;;;
;;;;;;;;;;;;;;;;;;;;;;;;;;;;;;;;;;;;;;;;;;;;
;;;;;;;;;;;;;;;;;;;;;;;;;;;;;;;;;;;;;;;;;;;;
;;;;;;;;;;;;;;;;;;;;;;;;;;;;;;;;;;;;;;;;;;;;
;;;;;;;;;;;;;;;;;;;;;;;;;;;;;;;;;;;;;;;;;;;;
;;;;;;;;;;;;;;;;;;;;;;;;;;;;;;;;;;;;;;;;;;;;
;;;;;;;;;;;;;;;;;;;;;;;;;;;;;;;;;;;;;;;;;;;;
;;;;;;;;;;;;;;;;;;;;;;;;;;;;;;;;;;;;;;;;;;;;
;;;;;;;;;;;;;;;;;;;;;;;;;;;;;;;;;;;;;;;;;;;;
;;;;;;;;;;;;;;;;;;;;;;;;;;;;;;;;;;;;;;;;;;;;
;;;;;;;;;;;;;;;;;;;;;;;;;;;;;;;;;;;;;;;;;;;;
;;;;;;;;;;;;;;;;;;;;;;;;;;;;;;;;;;;;;;;;;;;;
;;;;;;;;;;;;;;;;;;;;;;;;;;;;;;;;;;;;;;;;;;;;
;;;;;;;;;;;;;;;;;;;;;;;;;;;;;;;;;;;;;;;;;;;;
;;;;;;;;;;;;;;;;;;;;;;;;;;;;;;;;;;;;;;;;;;;;
;;;;;;;;;;;;;;;;;;;;;;;;;;;;;;;;;;;;;;;;;;;;
;;;;;;;;;;;;;;;;;;;;;;;;;;;;;;;;;;;;;;;;;;;;
